file_id,ContainerIdentifier,SeriesInstanceUID,series_aws_url
GTEX-YEC3-0426,GTEX-YEC3-0425,1.3.6.1.4.1.5962.99.1.2174487066.316482736.1720161438234.4.0,s3://idc-open-data/66265720-a0ce-4a1f-a988-28083b33028f/*
GTEX-S7SE-0726,GTEX-S7SE-0725,1.3.6.1.4.1.5962.99.1.2196671103.959752299.1720183622271.4.0,s3://idc-open-data/e21796d1-ff77-4077-9723-60c8b31df4ab/*
GTEX-ZQUD-1226,GTEX-ZQUD-1225,1.3.6.1.4.1.5962.99.1.2193505460.1841759337.1720180456628.4.0,s3://idc-open-data/8ef18045-9f3c-4738-be63-bcb96b7b0b7c/*
GTEX-OXRN-0126,GTEX-OXRN-0125,1.3.6.1.4.1.5962.99.1.2049292170.1902719851.1720036243338.4.0,s3://idc-open-data/93d75e3e-8ff7-4815-9ae1-7e8fb0aae0fa/*
GTEX-18D9B-0526,GTEX-18D9B-0525,1.3.6.1.4.1.5962.99.1.2054216648.1085023700.1720041167816.4.0,s3://idc-open-data/5fbd25fe-a372-453b-bccf-7aff994ed790/*
GTEX-15DYW-0426,GTEX-15DYW-0425,1.3.6.1.4.1.5962.99.1.1967151698.1816376236.1719954102866.4.0,s3://idc-open-data/88b8e6bf-0c54-4152-a467-f4c460b4cd07/*
GTEX-113JC-1526,GTEX-113JC-1525,1.3.6.1.4.1.5962.99.1.2486044706.157210627.1720472995874.4.0,s3://idc-open-data/ac92cc6c-0194-4984-b8f3-83e9a5aa0b0b/*
GTEX-15CHC-2426,GTEX-15CHC-2425,1.3.6.1.4.1.5962.99.1.2270653889.1079883565.1720257605057.4.0,s3://idc-open-data/4113a8ef-c51d-424a-8554-77b156762ad7/*
GTEX-YECK-0426,GTEX-YECK-0425,1.3.6.1.4.1.5962.99.1.2193097864.760829824.1720180049032.4.0,s3://idc-open-data/0a4ca593-4fff-4009-bcc3-c780e1f27ea3/*
GTEX-13VXU-2226,GTEX-13VXU-2225,1.3.6.1.4.1.5962.99.1.2252334736.1473626572.1720239285904.4.0,s3://idc-open-data/e20b4d4d-2fc8-4e6b-a048-1d007a5e33e2/*
GTEX-1HBPH-1226,GTEX-1HBPH-1225,1.3.6.1.4.1.5962.99.1.2441585863.367014577.1720428537031.4.0,s3://idc-open-data/623ac2c5-5a46-46a1-8d8d-e33d30080db9/*
GTEX-WXYG-1826,GTEX-WXYG-1825,1.3.6.1.4.1.5962.99.1.2356011755.1009924764.1720342962923.4.0,s3://idc-open-data/603904f6-789f-4527-8d7a-be6b42a66ae5/*
GTEX-QEG5-0426,GTEX-QEG5-0425,1.3.6.1.4.1.5962.99.1.2270708766.775027174.1720257659934.4.0,s3://idc-open-data/8d8d5384-552d-447f-9214-4587e8bad064/*
GTEX-144GM-2026,GTEX-144GM-2025,1.3.6.1.4.1.5962.99.1.2268661526.1725674620.1720255612694.4.0,s3://idc-open-data/74a0938a-4883-4dfd-a854-06e0ef1e6679/*
GTEX-TMMY-1026,GTEX-TMMY-1025,1.3.6.1.4.1.5962.99.1.2405806056.1888428250.1720392757224.4.0,s3://idc-open-data/7427f5f2-a34c-4d9c-95cd-4919b6356e8a/*
GTEX-QDVJ-1626,GTEX-QDVJ-1625,1.3.6.1.4.1.5962.99.1.2319191454.1696330341.1720306142622.4.0,s3://idc-open-data/945405d0-873b-4aab-b982-49b31bd066ca/*
GTEX-13PL6-1326,GTEX-13PL6-1325,1.3.6.1.4.1.5962.99.1.1979373261.1960134483.1719966324429.4.0,s3://idc-open-data/df9c004f-39e0-4574-89b9-9c0902deb50a/*
GTEX-11UD2-1826,GTEX-11UD2-1825,1.3.6.1.4.1.5962.99.1.2466618914.41248830.1720453570082.4.0,s3://idc-open-data/879686f2-d871-4bd1-a783-3f93e6532662/*
GTEX-1L5NE-1426,GTEX-1L5NE-1425,1.3.6.1.4.1.5962.99.1.2426432803.1547116996.1720413383971.4.0,s3://idc-open-data/306d542c-9f36-442d-a447-7c92960242e1/*
GTEX-1GMR8-0926,GTEX-1GMR8-0925,1.3.6.1.4.1.5962.99.1.2391692610.771598225.1720378643778.4.0,s3://idc-open-data/f6abe5d2-e14c-4f20-8fda-7de919068bc9/*
GTEX-1IDJF-1426,GTEX-1IDJF-1425,1.3.6.1.4.1.5962.99.1.2130842828.138780561.1720117793996.4.0,s3://idc-open-data/efd41a7c-854b-4086-8942-c5ecfb8b79af/*
GTEX-1O9I2-0326,GTEX-1O9I2-0325,1.3.6.1.4.1.5962.99.1.2194426887.436044005.1720181378055.4.0,s3://idc-open-data/4c0c0b93-1b5b-4f95-9d5d-40278151ff3f/*
GTEX-ZXES-1726,GTEX-ZXES-1725,1.3.6.1.4.1.5962.99.1.2114556753.1262461297.1720101507921.4.0,s3://idc-open-data/eb434619-f246-4de1-ab22-ed3911b17dad/*
GTEX-14DAQ-3126,GTEX-14DAQ-3125,1.3.6.1.4.1.5962.99.1.2062437893.1885158593.1720049389061.4.0,s3://idc-open-data/f648047d-9fa8-44e5-ab8b-d5adf3bbcf01/*
GTEX-ZZ64-1026,GTEX-ZZ64-1025,1.3.6.1.4.1.5962.99.1.2483108100.893019129.1720470059268.4.0,s3://idc-open-data/942ede76-5fca-483a-bd0f-c1d77cb33cf3/*
GTEX-11GSO-2026,GTEX-11GSO-2025,1.3.6.1.4.1.5962.99.1.2326448667.500175411.1720313399835.4.0,s3://idc-open-data/ff8dc9fe-8568-4305-9f38-4c21d327b51c/*
GTEX-1IOXB-1426,GTEX-1IOXB-1425,1.3.6.1.4.1.5962.99.1.2031612557.1415068005.1720018563725.4.0,s3://idc-open-data/2ba65ad9-cb66-49ab-a322-53368b4a50ca/*
GTEX-1497J-2526,GTEX-1497J-2525,1.3.6.1.4.1.5962.99.1.2442786570.14846764.1720429737738.4.0,s3://idc-open-data/5e69bfa2-37a8-450b-bfd7-a1da91599436/*
GTEX-12WSH-2726,GTEX-12WSH-2725,1.3.6.1.4.1.5962.99.1.2192974119.1413767384.1720179925287.4.0,s3://idc-open-data/c37a02b8-535e-4fc9-8132-389093fbc298/*
GTEX-WHSE-2626,GTEX-WHSE-2625,1.3.6.1.4.1.5962.99.1.2363343348.444869433.1720350294516.4.0,s3://idc-open-data/1c2949ca-d229-4e22-afbc-25e2d6013208/*
GTEX-18464-0226,GTEX-18464-0225,1.3.6.1.4.1.5962.99.1.2152781379.264011704.1720139732547.4.0,s3://idc-open-data/44ad6b4d-545e-447b-9425-5f02469ea806/*
GTEX-UJHI-1026,GTEX-UJHI-1025,1.3.6.1.4.1.5962.99.1.2141388326.1347449493.1720128339494.4.0,s3://idc-open-data/151b1b9b-4c60-4afd-a9a8-ca7e1bee7733/*
GTEX-1PPH7-0526,GTEX-1PPH7-0525,1.3.6.1.4.1.5962.99.1.2467972809.874992747.1720454923977.4.0,s3://idc-open-data/62ab9286-83ce-4c96-a223-5e0d4378d2ed/*
GTEX-1H1CY-1626,GTEX-1H1CY-1625,1.3.6.1.4.1.5962.99.1.2095729542.974531847.1720082680710.4.0,s3://idc-open-data/d51853f4-463c-47e4-ace2-a736d6edd1e1/*
GTEX-ZTSS-1126,GTEX-ZTSS-1125,1.3.6.1.4.1.5962.99.1.2356647998.9233591.1720343599166.4.0,s3://idc-open-data/9b969510-de2f-448f-bd07-a4b423c8c8fa/*
GTEX-P4QR-0526,GTEX-P4QR-0525,1.3.6.1.4.1.5962.99.1.1970421866.1832796733.1719957373034.4.0,s3://idc-open-data/2121c2fd-ece8-47ee-b673-76c477c8f963/*
GTEX-R55E-1426,GTEX-R55E-1425,1.3.6.1.4.1.5962.99.1.2440130507.1722422821.1720427081675.4.0,s3://idc-open-data/da0dbf5a-1838-4806-bacc-12c1ffe6f00b/*
GTEX-1I1HK-0626,GTEX-1I1HK-0625,1.3.6.1.4.1.5962.99.1.2171706957.1704107006.1720158658125.4.0,s3://idc-open-data/db046a22-2aad-4b70-877a-007f531d57a6/*
GTEX-14ICL-1026,GTEX-14ICL-1025,1.3.6.1.4.1.5962.99.1.2328244173.1537796721.1720315195341.4.0,s3://idc-open-data/540e67a3-c2c5-46e3-84f6-183b54d7aa54/*
GTEX-1JK1U-2026,GTEX-1JK1U-2025,1.3.6.1.4.1.5962.99.1.2057790564.1078456009.1720044741732.4.0,s3://idc-open-data/e6bad74e-4cb2-4334-994a-ce8846107452/*
GTEX-17F96-1226,GTEX-17F96-1225,1.3.6.1.4.1.5962.99.1.2243554069.525257870.1720230505237.4.0,s3://idc-open-data/9556491d-4e0e-4a43-941d-accb06ae4399/*
GTEX-1H1CY-1026,GTEX-1H1CY-1025,1.3.6.1.4.1.5962.99.1.2240114021.1044623847.1720227065189.4.0,s3://idc-open-data/dc6da558-ba91-4f5e-b6dc-b2d9440f4c8c/*
GTEX-1F6RS-0726,GTEX-1F6RS-0725,1.3.6.1.4.1.5962.99.1.2199786054.1993215203.1720186737222.4.0,s3://idc-open-data/bf354d5b-9fc1-414d-a9d8-bbe50831b7a8/*
GTEX-15D1Q-1726,GTEX-15D1Q-1725,1.3.6.1.4.1.5962.99.1.1976837510.1176381138.1719963788678.4.0,s3://idc-open-data/d3b9874c-2df7-420d-8165-ba0c37b30265/*
GTEX-ZXG5-1526,GTEX-ZXG5-1525,1.3.6.1.4.1.5962.99.1.2006886109.180627675.1719993837277.4.0,s3://idc-open-data/99515e22-fcbc-4688-84b5-ce4f1a43fe63/*
GTEX-15CHC-1126,GTEX-15CHC-1125,1.3.6.1.4.1.5962.99.1.2473454410.663245754.1720460405578.4.0,s3://idc-open-data/565d50a1-7125-4d9f-8913-d70e23623fec/*
GTEX-12WSJ-0726,GTEX-12WSJ-0725,1.3.6.1.4.1.5962.99.1.2441424934.189069037.1720428376102.4.0,s3://idc-open-data/a25d0f95-bec4-412f-a993-4038aa409b83/*
GTEX-17MFQ-0126,GTEX-17MFQ-0125,1.3.6.1.4.1.5962.99.1.1972896449.820279038.1719959847617.4.0,s3://idc-open-data/86ee0a07-2cc1-46e7-aaaa-8f0a245574c5/*
GTEX-1A3MW-0126,GTEX-1A3MW-0125,1.3.6.1.4.1.5962.99.1.2042702155.1906413729.1720029653323.4.0,s3://idc-open-data/c2c68f21-cd3c-4b8e-8e57-e0d501bbfcd5/*
GTEX-1C4CL-0126,GTEX-1C4CL-0125,1.3.6.1.4.1.5962.99.1.1967074402.642395135.1719954025570.4.0,s3://idc-open-data/bf921760-5201-4e7d-9006-e7f8a1b1181c/*
GTEX-1A3MV-1026,GTEX-1A3MV-1025,1.3.6.1.4.1.5962.99.1.2115573334.654397027.1720102524502.4.0,s3://idc-open-data/c59bc634-a5e8-4534-a35f-2f95d5eb09da/*
GTEX-1EU9M-2926,GTEX-1EU9M-2925,1.3.6.1.4.1.5962.99.1.2221405757.1397900687.1720208356925.4.0,s3://idc-open-data/71ee251f-29ed-4dc1-93f2-e989f30f9034/*
GTEX-ZV7C-0326,GTEX-ZV7C-0325,1.3.6.1.4.1.5962.99.1.2250214669.507915373.1720237165837.4.0,s3://idc-open-data/a85068c2-fe95-4473-ac24-493fbce4963d/*
GTEX-1JK1U-2226,GTEX-1JK1U-2225,1.3.6.1.4.1.5962.99.1.2277155668.1076540673.1720264106836.4.0,s3://idc-open-data/10800541-099e-4238-aeee-9ddee20e18c4/*
GTEX-X4EO-1226,GTEX-X4EO-1225,1.3.6.1.4.1.5962.99.1.2420180972.336538568.1720407132140.4.0,s3://idc-open-data/f7c181be-4dd3-4c93-98f2-99c6f88f6c90/*
GTEX-14BMU-0726,GTEX-14BMU-0725,1.3.6.1.4.1.5962.99.1.2084758540.1158438396.1720071709708.4.0,s3://idc-open-data/79e06ddc-d755-46b3-a244-8e242c5f9a85/*
GTEX-1J8Q3-2326,GTEX-1J8Q3-2325,1.3.6.1.4.1.5962.99.1.2372125742.120547301.1720359076910.4.0,s3://idc-open-data/00db8bbe-b1c0-4d3a-8395-16d4fef3bf10/*
GTEX-1QP29-1026,GTEX-1QP29-1025,1.3.6.1.4.1.5962.99.1.2283889368.2091941778.1720270840536.4.0,s3://idc-open-data/79344620-730e-4862-8319-3e675fcd8caa/*
GTEX-ZEX8-0526,GTEX-ZEX8-0525,1.3.6.1.4.1.5962.99.1.2346214669.1165335345.1720333165837.4.0,s3://idc-open-data/4c79ff9a-3d0c-47cd-8589-6b506a8072b2/*
GTEX-1JN6P-0626,GTEX-1JN6P-0625,1.3.6.1.4.1.5962.99.1.2210949445.65717900.1720197900613.4.0,s3://idc-open-data/b077df00-5ba2-4545-b151-08621104cd09/*
GTEX-1M4P7-1626,GTEX-1M4P7-1625,1.3.6.1.4.1.5962.99.1.1991569197.1165965319.1719978520365.4.0,s3://idc-open-data/523f76a4-4cd1-4108-8920-eabe716e93a7/*
GTEX-15SDE-2426,GTEX-15SDE-2425,1.3.6.1.4.1.5962.99.1.2149055832.1779932390.1720136007000.4.0,s3://idc-open-data/4edde6f5-4787-4a59-b970-32cab5334770/*
GTEX-ZTSS-0826,GTEX-ZTSS-0825,1.3.6.1.4.1.5962.99.1.1995300979.1679106674.1719982252147.4.0,s3://idc-open-data/ae54aacb-181b-4583-b7be-54c2bf9765ec/*
GTEX-1PFEY-1226,GTEX-1PFEY-1225,1.3.6.1.4.1.5962.99.1.2128580936.246525587.1720115532104.4.0,s3://idc-open-data/ac621dda-d9e0-4152-a3b2-b61368cf7205/*
GTEX-NL3H-0626,GTEX-NL3H-0625,1.3.6.1.4.1.5962.99.1.2346779418.1641780075.1720333730586.4.0,s3://idc-open-data/6293442b-f07d-4c48-a640-cfa49682c5d5/*
GTEX-1HC8U-0626,GTEX-1HC8U-0625,1.3.6.1.4.1.5962.99.1.2166396386.235312877.1720153347554.4.0,s3://idc-open-data/502a41e3-6943-4f5b-bec7-b78cc208923a/*
GTEX-1PPH8-1026,GTEX-1PPH8-1025,1.3.6.1.4.1.5962.99.1.2388797769.575738953.1720375748937.4.0,s3://idc-open-data/90ed4dfb-dfc6-4155-9eaf-cdfee9746681/*
GTEX-1CB4J-0126,GTEX-1CB4J-0125,1.3.6.1.4.1.5962.99.1.2406777455.1828501641.1720393728623.4.0,s3://idc-open-data/18977fb6-6d48-4c08-b0c3-e24a9eac0ab5/*
GTEX-13FXS-2626,GTEX-13FXS-2625,1.3.6.1.4.1.5962.99.1.2101663766.2013883636.1720088614934.4.0,s3://idc-open-data/525e1aa6-8b27-4111-8ff3-c4b2e58c81de/*
GTEX-15DYW-0726,GTEX-15DYW-0725,1.3.6.1.4.1.5962.99.1.2195475946.1072416154.1720182427114.4.0,s3://idc-open-data/a52414d8-5445-4d47-8e2c-d487fc0829b5/*
GTEX-144GN-1826,GTEX-144GN-1825,1.3.6.1.4.1.5962.99.1.2291471316.262330593.1720278422484.4.0,s3://idc-open-data/cf459042-da7b-4291-8d41-daf707b44887/*
GTEX-11EM3-0726,GTEX-11EM3-0725,1.3.6.1.4.1.5962.99.1.2447454852.442480545.1720434406020.4.0,s3://idc-open-data/fce961f3-08fb-462a-84b5-e1e487b65df5/*
GTEX-13OW7-0626,GTEX-13OW7-0625,1.3.6.1.4.1.5962.99.1.1968181629.2032132806.1719955132797.4.0,s3://idc-open-data/400d1da5-92a5-40ac-b4f8-6c9a13941ab1/*
GTEX-1A3MV-2026,GTEX-1A3MV-2025,1.3.6.1.4.1.5962.99.1.2275811581.1812286442.1720262762749.4.0,s3://idc-open-data/0be699b2-b0a9-408d-9d8d-1203e22ed1ec/*
GTEX-11DYG-2326,GTEX-11DYG-2325,1.3.6.1.4.1.5962.99.1.2032404633.1907095566.1720019355801.4.0,s3://idc-open-data/e87e5414-a46f-44de-86b4-a34f5b5203b4/*
GTEX-X8HC-1026,GTEX-X8HC-1025,1.3.6.1.4.1.5962.99.1.2178774752.233812434.1720165725920.4.0,s3://idc-open-data/644e98d1-24b6-4809-acc7-b3775fe32da2/*
GTEX-1JJ6O-0426,GTEX-1JJ6O-0425,1.3.6.1.4.1.5962.99.1.1964284342.699679504.1719951235510.4.0,s3://idc-open-data/3e267cfd-c46b-4161-975d-f83cc1e19450/*
GTEX-1POEN-2026,GTEX-1POEN-2025,1.3.6.1.4.1.5962.99.1.2369695908.2110811429.1720356647076.4.0,s3://idc-open-data/c5ddca0f-f0e8-4940-8fa1-4a160f549a42/*
GTEX-15EOM-2626,GTEX-15EOM-2625,1.3.6.1.4.1.5962.99.1.2472329459.1154603160.1720459280627.4.0,s3://idc-open-data/0e73a8c8-9b24-4d30-8398-c9502faf3a72/*
GTEX-1HR9M-1126,GTEX-1HR9M-1125,1.3.6.1.4.1.5962.99.1.2412973702.2055107803.1720399924870.4.0,s3://idc-open-data/b8bf64b3-ea79-45f5-9b81-513a22b3b73d/*
GTEX-13N1W-0426,GTEX-13N1W-0425,1.3.6.1.4.1.5962.99.1.2191614627.1959703766.1720178565795.4.0,s3://idc-open-data/a42ed997-3e84-418f-a6c5-948853d95e0a/*
GTEX-15TU5-2526,GTEX-15TU5-2525,1.3.6.1.4.1.5962.99.1.2121834559.617704797.1720108785727.4.0,s3://idc-open-data/69f40920-dba7-43df-822d-79d212730803/*
GTEX-11NUK-3026,GTEX-11NUK-3025,1.3.6.1.4.1.5962.99.1.2227804832.1121128203.1720214756000.4.0,s3://idc-open-data/fec7d37b-4855-4bee-b2d1-8f3b38b0210a/*
GTEX-ZE9C-0226,GTEX-ZE9C-0225,1.3.6.1.4.1.5962.99.1.2189838375.722516937.1720176789543.4.0,s3://idc-open-data/0a2a1438-9fb0-4287-af9e-00e83230f588/*
GTEX-SUCS-0826,GTEX-SUCS-0825,1.3.6.1.4.1.5962.99.1.2452318720.663208287.1720439269888.4.0,s3://idc-open-data/a91877f1-d968-45c5-8e47-2c5f26d1890e/*
GTEX-1JMQK-2626,GTEX-1JMQK-2625,1.3.6.1.4.1.5962.99.1.2298412554.2108375095.1720285363722.4.0,s3://idc-open-data/71a9d8b3-bbe3-4e84-95a6-3a7cf61a662f/*
GTEX-12WSF-1326,GTEX-12WSF-1325,1.3.6.1.4.1.5962.99.1.2231035486.1517327831.1720217986654.4.0,s3://idc-open-data/a55dd05e-6273-46ff-8a3c-2c232d69d449/*
GTEX-XPT6-0726,GTEX-XPT6-0725,1.3.6.1.4.1.5962.99.1.2128925050.1234623992.1720115876218.4.0,s3://idc-open-data/669f46f4-6ffb-44a7-b9f7-253eac9e8180/*
GTEX-WFON-1326,GTEX-WFON-1325,1.3.6.1.4.1.5962.99.1.2115419742.2002524488.1720102370910.4.0,s3://idc-open-data/a4f703cb-95aa-41fe-897b-9353a2d8c573/*
GTEX-139TT-1926,GTEX-139TT-1925,1.3.6.1.4.1.5962.99.1.2332386209.388919860.1720319337377.4.0,s3://idc-open-data/2433b241-7a10-465a-a13f-74162a5ddcf1/*
GTEX-13SLW-1226,GTEX-13SLW-1225,1.3.6.1.4.1.5962.99.1.2344793508.1042799542.1720331744676.4.0,s3://idc-open-data/e9d25ef5-de6d-4b4b-8bf5-fc8a98e04947/*
GTEX-1P4AB-0526,GTEX-1P4AB-0525,1.3.6.1.4.1.5962.99.1.1967313530.298531675.1719954264698.4.0,s3://idc-open-data/236cab02-32e6-45ab-997c-97ad11bb9dee/*
GTEX-1192W-1426,GTEX-1192W-1425,1.3.6.1.4.1.5962.99.1.1974395253.212946052.1719961346421.4.0,s3://idc-open-data/490aa32f-29ff-4b7e-b6a7-aef0a362000c/*
GTEX-PLZ5-0226,GTEX-PLZ5-0225,1.3.6.1.4.1.5962.99.1.1989997136.733740021.1719976948304.4.0,s3://idc-open-data/fc04b123-4f96-4f11-b541-85ae55b6538c/*
GTEX-1HR9M-2226,GTEX-1HR9M-2225,1.3.6.1.4.1.5962.99.1.2478709671.1032964884.1720465660839.4.0,s3://idc-open-data/49c83607-8028-41d4-aa73-c46c261c9086/*
GTEX-1B932-1526,GTEX-1B932-1525,1.3.6.1.4.1.5962.99.1.1990658958.2017486959.1719977610126.4.0,s3://idc-open-data/bc8e4bf9-529d-43e5-98d6-bf1315b71c95/*
GTEX-1J1OQ-0626,GTEX-1J1OQ-0625,1.3.6.1.4.1.5962.99.1.1968467555.1349360011.1719955418723.4.0,s3://idc-open-data/dcb679ce-d040-4ae7-993a-e7444a9da3ba/*
GTEX-13O21-2526,GTEX-13O21-2525,1.3.6.1.4.1.5962.99.1.1966691531.1684215158.1719953642699.4.0,s3://idc-open-data/d9132f93-a117-45d5-984b-1c68c3c26044/*
GTEX-15RIF-0326,GTEX-15RIF-0325,1.3.6.1.4.1.5962.99.1.2209555888.326083489.1720196507056.4.0,s3://idc-open-data/346af9ae-791f-4131-aefe-8267fb58c40f/*
GTEX-ZV68-0826,GTEX-ZV68-0825,1.3.6.1.4.1.5962.99.1.2377265971.1064841574.1720364217139.4.0,s3://idc-open-data/c86d2cea-6f35-47a8-a957-4f778bc64057/*
GTEX-16GPK-1726,GTEX-16GPK-1725,1.3.6.1.4.1.5962.99.1.2031049709.1270908624.1720018000877.4.0,s3://idc-open-data/9716ad65-a479-4ae0-9074-8513e2ae3dac/*
GTEX-11DXY-1526,GTEX-11DXY-1525,1.3.6.1.4.1.5962.99.1.2434016026.506856038.1720420967194.4.0,s3://idc-open-data/483385de-7e2c-4bf2-a7a0-a0ef116f5790/*
GTEX-14JG1-2626,GTEX-14JG1-2625,1.3.6.1.4.1.5962.99.1.2328974724.31584907.1720315925892.4.0,s3://idc-open-data/008912f3-440b-41b1-91e7-2aa8f38e6041/*
GTEX-148VJ-2326,GTEX-148VJ-2325,1.3.6.1.4.1.5962.99.1.2284991128.398481100.1720271942296.4.0,s3://idc-open-data/e5bf9843-e20e-473c-9258-2c7cb4141e42/*
GTEX-111VG-1226,GTEX-111VG-1225,1.3.6.1.4.1.5962.99.1.2286844539.2093084536.1720273795707.4.0,s3://idc-open-data/c0e409a6-77d0-4216-94c3-d1e3ffb62f40/*
GTEX-1EMGI-1826,GTEX-1EMGI-1825,1.3.6.1.4.1.5962.99.1.2459689960.540745517.1720446641128.4.0,s3://idc-open-data/d8bb3a1d-92bd-4a45-b982-db2a5c5b4d7e/*
GTEX-13OVJ-1226,GTEX-13OVJ-1225,1.3.6.1.4.1.5962.99.1.2424656957.933995968.1720411608125.4.0,s3://idc-open-data/ef77e1ab-2e78-4596-b3d7-2b1a34b6855a/*
GTEX-15SHW-1326,GTEX-15SHW-1325,1.3.6.1.4.1.5962.99.1.2286406183.829563409.1720273357351.4.0,s3://idc-open-data/57d3e581-99ae-4bc0-a3b7-b80fb345f9d8/*
GTEX-1QEPI-1826,GTEX-1QEPI-1825,1.3.6.1.4.1.5962.99.1.2412938935.2015292564.1720399890103.4.0,s3://idc-open-data/e4d6de47-4304-4fc8-bad5-5fd9babef161/*
GTEX-1EX96-0126,GTEX-1EX96-0125,1.3.6.1.4.1.5962.99.1.2203197985.462600544.1720190149153.4.0,s3://idc-open-data/2b34305a-d09c-49a6-82ec-612133cc1282/*
GTEX-P4QR-1226,GTEX-P4QR-1225,1.3.6.1.4.1.5962.99.1.2410632081.1129784330.1720397583249.4.0,s3://idc-open-data/18e8fb6d-d597-41f2-95d4-59619e6cf0d1/*
GTEX-14AS3-2026,GTEX-14AS3-2025,1.3.6.1.4.1.5962.99.1.2151865692.1442472461.1720138816860.4.0,s3://idc-open-data/5626bbd6-8509-42c1-bc0b-de7687214ebd/*
GTEX-14DAQ-0126,GTEX-14DAQ-0125,1.3.6.1.4.1.5962.99.1.2048385085.1295113787.1720035336253.4.0,s3://idc-open-data/c349305b-0db8-4489-a789-5a38b4ddc187/*
GTEX-1S5VW-0726,GTEX-1S5VW-0725,1.3.6.1.4.1.5962.99.1.2290922525.354874597.1720277873693.4.0,s3://idc-open-data/7a900217-c482-4529-9e52-bf760747511e/*
GTEX-132Q8-1526,GTEX-132Q8-1525,1.3.6.1.4.1.5962.99.1.2028004562.2068507424.1720014955730.4.0,s3://idc-open-data/5c08f977-d6e5-4bdc-af2a-267e2ab99012/*
GTEX-1I1GQ-0926,GTEX-1I1GQ-0925,1.3.6.1.4.1.5962.99.1.2238423864.531547769.1720225375032.4.0,s3://idc-open-data/386e1f88-4691-4046-9bdd-e534da213755/*
GTEX-PVOW-0426,GTEX-PVOW-0425,1.3.6.1.4.1.5962.99.1.2251865912.2097023657.1720238817080.4.0,s3://idc-open-data/e68cf162-cedb-4c59-beed-36044c4878c8/*
GTEX-RN5K-2226,GTEX-RN5K-2225,1.3.6.1.4.1.5962.99.1.2092032838.2056893380.1720078984006.4.0,s3://idc-open-data/70b577f9-1d32-4752-bac3-b99643085ee8/*
GTEX-1S82P-0626,GTEX-1S82P-0625,1.3.6.1.4.1.5962.99.1.2196905383.1821980378.1720183856551.4.0,s3://idc-open-data/efc304d4-ee45-40d5-aed2-401bb6c7d661/*
GTEX-QMRM-0326,GTEX-QMRM-0325,1.3.6.1.4.1.5962.99.1.2099539396.761718985.1720086490564.4.0,s3://idc-open-data/24221b33-c03f-4358-9297-7ea0b4fbbf4e/*
GTEX-1HSMP-1726,GTEX-1HSMP-1725,1.3.6.1.4.1.5962.99.1.2318124337.529895369.1720305075505.4.0,s3://idc-open-data/0cac8195-38e1-489f-be47-1eaaa6865a14/*
GTEX-131YS-2026,GTEX-131YS-2025,1.3.6.1.4.1.5962.99.1.2465021716.954011535.1720451972884.4.0,s3://idc-open-data/90902c7b-3336-4288-b7c1-18606214cdf5/*
GTEX-WYJK-0226,GTEX-WYJK-0225,1.3.6.1.4.1.5962.99.1.2146412999.1648210249.1720133364167.4.0,s3://idc-open-data/ff40ff34-7079-479d-a6fb-e6d98c5014f0/*
GTEX-1IL2V-1926,GTEX-1IL2V-1925,1.3.6.1.4.1.5962.99.1.2476781801.1399042358.1720463732969.4.0,s3://idc-open-data/d107aba1-d7d7-4777-a7eb-5e80747a2d68/*
GTEX-1399Q-1426,GTEX-1399Q-1425,1.3.6.1.4.1.5962.99.1.2243537078.427131235.1720230488246.4.0,s3://idc-open-data/aaf41e38-a033-434a-ba91-8a91051f23dc/*
GTEX-1JJ6O-2026,GTEX-1JJ6O-2025,1.3.6.1.4.1.5962.99.1.2119865725.5589229.1720106816893.4.0,s3://idc-open-data/2da2cd38-fe7f-47bf-801e-242e22569a9a/*
GTEX-1QW4Y-1626,GTEX-1QW4Y-1625,1.3.6.1.4.1.5962.99.1.2160385385.1459636686.1720147336553.4.0,s3://idc-open-data/67b81186-dbe0-44f5-a972-f4c2fb3ef8ed/*
GTEX-1A8G6-1526,GTEX-1A8G6-1525,1.3.6.1.4.1.5962.99.1.2392231094.1205103789.1720379182262.4.0,s3://idc-open-data/d66670bd-9816-4195-b63c-fce4110b6d8c/*
GTEX-1IKK5-2226,GTEX-1IKK5-2225,1.3.6.1.4.1.5962.99.1.2207297771.1341859401.1720194248939.4.0,s3://idc-open-data/48ad43a1-144e-4e33-bcd1-6fbdd0134478/*
GTEX-13QJC-2026,GTEX-13QJC-2025,1.3.6.1.4.1.5962.99.1.2369219967.1765732188.1720356171135.4.0,s3://idc-open-data/c5e86cbe-77a5-4d2c-94d8-a78b3aa2f814/*
GTEX-1IDJF-1026,GTEX-1IDJF-1025,1.3.6.1.4.1.5962.99.1.2342674138.1623614063.1720329625306.4.0,s3://idc-open-data/373b0045-a6bd-49c5-a344-c80112747120/*
GTEX-1KXAM-2226,GTEX-1KXAM-2225,1.3.6.1.4.1.5962.99.1.2038658545.1022612221.1720025609713.4.0,s3://idc-open-data/c6b84d8f-c50c-4938-9d74-f2d7fa346cd3/*
GTEX-1HSKV-1526,GTEX-1HSKV-1525,1.3.6.1.4.1.5962.99.1.2027797121.760175596.1720014748289.4.0,s3://idc-open-data/fd938fc0-0b80-4fe4-9a7f-2421d5a75bfd/*
GTEX-14H4A-2026,GTEX-14H4A-2025,1.3.6.1.4.1.5962.99.1.2105615930.1368939994.1720092567098.4.0,s3://idc-open-data/93677b92-ec4b-4a65-b4e7-37d4adc802b9/*
GTEX-X4EP-1426,GTEX-X4EP-1425,1.3.6.1.4.1.5962.99.1.2394870285.131701188.1720381821453.4.0,s3://idc-open-data/7e92a8e8-85a5-46f9-bd91-b275ac10573a/*
GTEX-13W46-1926,GTEX-13W46-1925,1.3.6.1.4.1.5962.99.1.2422287796.2032499654.1720409238964.4.0,s3://idc-open-data/311207a1-d55e-4121-b028-03a603818b5e/*
GTEX-1F75I-1026,GTEX-1F75I-1025,1.3.6.1.4.1.5962.99.1.2383889551.1281505675.1720370840719.4.0,s3://idc-open-data/87a881d4-a85d-484f-aa8c-3a4f37f48ed4/*
GTEX-1I1GR-1226,GTEX-1I1GR-1225,1.3.6.1.4.1.5962.99.1.2008395076.1915860614.1719995346244.4.0,s3://idc-open-data/489894b6-8f54-4824-8297-bac3fa20aac5/*
GTEX-1EWIQ-2626,GTEX-1EWIQ-2625,1.3.6.1.4.1.5962.99.1.2131471265.907917105.1720118422433.4.0,s3://idc-open-data/410ed1a9-a496-4ed9-ac58-e6ac702a6b1e/*
GTEX-OIZH-0626,GTEX-OIZH-0625,1.3.6.1.4.1.5962.99.1.2419608874.1911229873.1720406560042.4.0,s3://idc-open-data/e103d739-d5c9-4ed3-bacc-ac0ca2dabe5d/*
GTEX-14AS3-2226,GTEX-14AS3-2225,1.3.6.1.4.1.5962.99.1.2185273619.1224262051.1720172224787.4.0,s3://idc-open-data/fe2b579e-c5d4-43dc-a667-80ed534d1c19/*
GTEX-WVLH-0226,GTEX-WVLH-0225,1.3.6.1.4.1.5962.99.1.2148729954.992413210.1720135681122.4.0,s3://idc-open-data/02789802-8bad-4082-a06d-5551199951a2/*
GTEX-YJ8O-2326,GTEX-YJ8O-2325,1.3.6.1.4.1.5962.99.1.2040576419.1938413558.1720027527587.4.0,s3://idc-open-data/785b9bec-fa27-4ad2-9649-6568eb67b6e3/*
GTEX-VJYA-1226,GTEX-VJYA-1225,1.3.6.1.4.1.5962.99.1.2312913236.974635075.1720299864404.4.0,s3://idc-open-data/79e097a4-5cfc-41e6-9bb8-009a3f62665d/*
GTEX-T2IS-0826,GTEX-T2IS-0825,1.3.6.1.4.1.5962.99.1.2425555695.63198193.1720412506863.4.0,s3://idc-open-data/1a3e923b-a879-4f7d-860b-05cea9aef9fb/*
GTEX-139D8-2926,GTEX-139D8-2925,1.3.6.1.4.1.5962.99.1.2101076487.1396374377.1720088027655.4.0,s3://idc-open-data/8d95ddef-e0f5-4f25-879d-6ad0d915950e/*
GTEX-ZAJG-1826,GTEX-ZAJG-1825,1.3.6.1.4.1.5962.99.1.1981082791.1043458452.1719968033959.4.0,s3://idc-open-data/83023d85-efd8-4d1c-98d9-2ee9ef712a8a/*
GTEX-1RMOY-0626,GTEX-1RMOY-0625,1.3.6.1.4.1.5962.99.1.2254895598.1739421465.1720241846766.4.0,s3://idc-open-data/d1c53859-44a3-4837-a25b-4caccbb3af44/*
GTEX-QLQW-1126,GTEX-QLQW-1125,1.3.6.1.4.1.5962.99.1.2045344139.716064088.1720032295307.4.0,s3://idc-open-data/c7c24357-37f1-403c-8c83-cd81922fa8a0/*
GTEX-1AMFI-1226,GTEX-1AMFI-1225,1.3.6.1.4.1.5962.99.1.2121455665.1930281379.1720108406833.4.0,s3://idc-open-data/0f208a55-b082-4ab5-abed-89499b928af8/*
GTEX-1192X-0426,GTEX-1192X-0425,1.3.6.1.4.1.5962.99.1.2282293957.647146695.1720269245125.4.0,s3://idc-open-data/4721292a-00f9-4959-964f-abd019cad3b4/*
GTEX-1S5VW-1626,GTEX-1S5VW-1625,1.3.6.1.4.1.5962.99.1.2423044943.889512723.1720409996111.4.0,s3://idc-open-data/3ef45bad-d864-4d88-b785-5db8fc0cf156/*
GTEX-ZT9X-0426,GTEX-ZT9X-0425,1.3.6.1.4.1.5962.99.1.2085697366.1051409558.1720072648534.4.0,s3://idc-open-data/5aae7fc2-7934-4d78-8ac0-154f1bf14453/*
GTEX-S7PM-1026,GTEX-S7PM-1025,1.3.6.1.4.1.5962.99.1.2257609130.1424141758.1720244560298.4.0,s3://idc-open-data/190d2409-f855-4096-ae66-bfb637477b8a/*
GTEX-1GF9W-0926,GTEX-1GF9W-0925,1.3.6.1.4.1.5962.99.1.1982327442.209696547.1719969278610.4.0,s3://idc-open-data/79b30cee-ba47-48ce-894d-66ad31bfedf7/*
GTEX-WHSE-2926,GTEX-WHSE-2925,1.3.6.1.4.1.5962.99.1.2230157483.626704608.1720217108651.4.0,s3://idc-open-data/5afb6cb3-40b2-4a31-b806-a2f7ccab68db/*
GTEX-14ICK-1326,GTEX-14ICK-1325,1.3.6.1.4.1.5962.99.1.2322386714.817862315.1720309337882.4.0,s3://idc-open-data/27c3c049-b1ac-4819-abf7-173b39fbb8b6/*
GTEX-12WSI-1126,GTEX-12WSI-1125,1.3.6.1.4.1.5962.99.1.2429690515.888238025.1720416641683.4.0,s3://idc-open-data/acce83c8-9b86-4f26-9bda-fa9eed52070c/*
GTEX-XLM4-2926,GTEX-XLM4-2925,1.3.6.1.4.1.5962.99.1.2222696648.1925266845.1720209647816.4.0,s3://idc-open-data/1cb1c4aa-234e-4211-8fd9-e34659bca89b/*
GTEX-12WS9-0626,GTEX-12WS9-0625,1.3.6.1.4.1.5962.99.1.2269040066.1982673484.1720255991234.4.0,s3://idc-open-data/b3b1a4f9-59a0-4e9f-8f12-00b4f494f94b/*
GTEX-1H1DF-1126,GTEX-1H1DF-1125,1.3.6.1.4.1.5962.99.1.2485214763.1597131847.1720472165931.4.0,s3://idc-open-data/7c1f3b28-4790-4d37-afb9-cf9d6b780a84/*
GTEX-WVJS-0926,GTEX-WVJS-0925,1.3.6.1.4.1.5962.99.1.2165995862.1968642360.1720152947030.4.0,s3://idc-open-data/75a3f702-9ede-4ae8-9611-cbaaad559b3a/*
GTEX-1AX9K-2726,GTEX-1AX9K-2725,1.3.6.1.4.1.5962.99.1.2274308128.1356355064.1720261259296.4.0,s3://idc-open-data/863763e8-2e06-43b1-acaa-f01164857911/*
GTEX-WI4N-0626,GTEX-WI4N-0625,1.3.6.1.4.1.5962.99.1.2259909329.484196070.1720246860497.4.0,s3://idc-open-data/fb0a9d25-b9e9-4863-b7f0-91b6af901841/*
GTEX-1OZHM-1626,GTEX-1OZHM-1625,1.3.6.1.4.1.5962.99.1.2456090583.815296339.1720443041751.4.0,s3://idc-open-data/bce44662-3f2c-4f63-8e71-207c0c258d5f/*
GTEX-14753-3026,GTEX-14753-3025,1.3.6.1.4.1.5962.99.1.2223754155.1717177393.1720210705323.4.0,s3://idc-open-data/b4125a13-680e-4810-b6d4-4a88335bf536/*
GTEX-TKQ1-0826,GTEX-TKQ1-0825,1.3.6.1.4.1.5962.99.1.2319612715.213880541.1720306563883.4.0,s3://idc-open-data/59736668-2098-4caf-8df7-631226a4a635/*
GTEX-1I1CD-2726,GTEX-1I1CD-2725,1.3.6.1.4.1.5962.99.1.2327699028.1265753519.1720314650196.4.0,s3://idc-open-data/f1bf8e78-2759-4848-91d1-2fefe3532e64/*
GTEX-147F3-1626,GTEX-147F3-1625,1.3.6.1.4.1.5962.99.1.2297592728.1364005376.1720284543896.4.0,s3://idc-open-data/48ff963b-86d1-48c0-a563-f133ed16b11b/*
GTEX-15SHW-1226,GTEX-15SHW-1225,1.3.6.1.4.1.5962.99.1.2255136869.1840159342.1720242088037.4.0,s3://idc-open-data/4007ebf6-3bcf-4f99-8f1c-45ad634ee9d7/*
GTEX-1F88F-2926,GTEX-1F88F-2925,1.3.6.1.4.1.5962.99.1.1965618248.1975929590.1719952569416.4.0,s3://idc-open-data/c333bb10-5360-4e0f-8c06-b26528a96c3e/*
GTEX-139YR-1526,GTEX-139YR-1525,1.3.6.1.4.1.5962.99.1.2082894260.1562173080.1720069845428.4.0,s3://idc-open-data/d80f736a-149a-4090-961d-595a7be39e5b/*
GTEX-1GZ4I-0726,GTEX-1GZ4I-0725,1.3.6.1.4.1.5962.99.1.2336434548.428559263.1720323385716.4.0,s3://idc-open-data/55f9c04a-d86c-41a5-af2f-5fc1c87f3334/*
GTEX-1B98T-1426,GTEX-1B98T-1425,1.3.6.1.4.1.5962.99.1.2401439599.1242129211.1720388390767.4.0,s3://idc-open-data/c51f5189-9955-434e-b8e8-ce44b4272dd8/*
GTEX-1C64N-0526,GTEX-1C64N-0525,1.3.6.1.4.1.5962.99.1.1970099991.1096666562.1719957051159.4.0,s3://idc-open-data/ea8295e4-a871-4fa0-a94b-71a81806aab5/*
GTEX-1N7R6-1126,GTEX-1N7R6-1125,1.3.6.1.4.1.5962.99.1.2450042655.1560160229.1720436993823.4.0,s3://idc-open-data/9a261b12-ab39-434b-a33c-d2872c7abeb0/*
GTEX-147GR-1226,GTEX-147GR-1225,1.3.6.1.4.1.5962.99.1.2338152947.1516060629.1720325104115.4.0,s3://idc-open-data/4e869f93-6064-4827-9b37-e17e63f6da6f/*
GTEX-RVPV-2226,GTEX-RVPV-2225,1.3.6.1.4.1.5962.99.1.2363062858.1906645695.1720350014026.4.0,s3://idc-open-data/efac55d0-5fd6-46c3-90ad-7a37cbef3125/*
GTEX-17HHY-0626,GTEX-17HHY-0625,1.3.6.1.4.1.5962.99.1.2182481732.48149914.1720169432900.4.0,s3://idc-open-data/89afc268-4166-40e2-91d7-0048d54fff72/*
GTEX-ZAB5-2026,GTEX-ZAB5-2025,1.3.6.1.4.1.5962.99.1.1967900809.593735638.1719954851977.4.0,s3://idc-open-data/04183da2-5e9b-48a4-9427-be2223fdec85/*
GTEX-1497J-0926,GTEX-1497J-0925,1.3.6.1.4.1.5962.99.1.2314739792.1747979594.1720301690960.4.0,s3://idc-open-data/5cf6ccd5-3abe-420f-8b98-30da303c5bf0/*
GTEX-131XW-1826,GTEX-131XW-1825,1.3.6.1.4.1.5962.99.1.2009974087.493758041.1719996925255.4.0,s3://idc-open-data/5da66e4c-3a94-46c3-9199-cba80f17d8b6/*
GTEX-15D79-0426,GTEX-15D79-0425,1.3.6.1.4.1.5962.99.1.1971107469.1733400075.1719958058637.4.0,s3://idc-open-data/40e125ae-5770-4b77-8eca-79a2fd0a2cfa/*
GTEX-UTHO-1126,GTEX-UTHO-1125,1.3.6.1.4.1.5962.99.1.2216430672.1872151774.1720203381840.4.0,s3://idc-open-data/77839243-20c4-47ca-a9b5-0fdbb62f1fbd/*
GTEX-11EM3-0326,GTEX-11EM3-0325,1.3.6.1.4.1.5962.99.1.2460681410.1601177454.1720447632578.4.0,s3://idc-open-data/67c4d3ba-79f4-41ae-8b14-ee9de3fef745/*
GTEX-1C6VR-3026,GTEX-1C6VR-3025,1.3.6.1.4.1.5962.99.1.2229534423.523621648.1720216485591.4.0,s3://idc-open-data/d6f5b4f2-a4ad-4fd3-8b50-be28b0029815/*
GTEX-1MCQQ-1726,GTEX-1MCQQ-1725,1.3.6.1.4.1.5962.99.1.2086178823.450096025.1720073129991.4.0,s3://idc-open-data/7c9823b7-2431-4df4-804c-7de99d733519/*
GTEX-18D9A-2026,GTEX-18D9A-2025,1.3.6.1.4.1.5962.99.1.2155243180.676373715.1720142194348.4.0,s3://idc-open-data/8b3d77d4-411e-44ce-b7db-b3fe09067e34/*
GTEX-T5JC-0526,GTEX-T5JC-0525,1.3.6.1.4.1.5962.99.1.2162159166.158043657.1720149110334.4.0,s3://idc-open-data/d533a077-21bc-498e-af59-268667927ff4/*
GTEX-1A8G6-2326,GTEX-1A8G6-2325,1.3.6.1.4.1.5962.99.1.2328868872.1716209100.1720315820040.4.0,s3://idc-open-data/acc5d678-dab7-499c-8e37-583801545a83/*
GTEX-14PN3-0926,GTEX-14PN3-0925,1.3.6.1.4.1.5962.99.1.2350120413.783696367.1720337071581.4.0,s3://idc-open-data/69077cc6-8337-402a-b1bc-81ae8083989c/*
