tcga	30778552-b67c-4627-8080-1d8ec5bd4e5b	TCGA-02-0266-01Z-00-DX1.svs
tcga	c325a311-7b80-470a-9993-6cebe209e0a0	TCGA-02-0266-01Z-00-DX2.svs
tcga	db33459f-238f-4f27-8d90-2994401acac9	TCGA-06-0875-01Z-00-DX1.svs
tcga	7f71f3dd-8f64-49c5-8611-603e4d99e84f	TCGA-06-0875-01Z-00-DX2.svs
tcga	4c558ac2-57f0-4acc-93c9-da4d1a24d0a6	TCGA-06-5411-01Z-00-DX1.svs
tcga	fe722398-1ab8-462b-9a3c-ee48cf2f0fb9	TCGA-08-0348-01Z-00-DX1.svs
tcga	09e530e6-604b-4440-ba0d-110e919bc342	TCGA-08-0386-01Z-00-DX1.svs
tcga	f1bc7020-1bd3-4d22-90ea-1ad32aea3442	TCGA-12-3648-01Z-00-DX1.svs
tcga	d2efd08a-0ebb-4fd7-9a02-2313c667cad7	TCGA-12-3648-01Z-00-DX2.svs
tcga	53ce832d-55ef-4158-975d-74c139544309	TCGA-12-3648-01Z-00-DX3.svs
tcga	7f7e46c9-b83d-4807-92ea-9ae55cf6b1b7	TCGA-19-0955-01Z-00-DX1.svs
tcga	478873a9-f45f-4b29-868d-469932a1f1b4	TCGA-19-5954-01Z-00-DX1.svs
tcga	408c3f05-7964-4a30-ab09-627edcf890c4	TCGA-23-1031-01Z-00-DX1.svs
tcga	799c5e27-eb73-47e3-9489-58b82a6c8d93	TCGA-25-2391-01Z-00-DX1.svs
tcga	042165e8-88a4-40b0-b44a-1635869e898f	TCGA-28-1751-01Z-00-DX1.svs
tcga	60ee612c-660b-4d20-ba27-31f8ba43717a	TCGA-2Y-A9H5-01Z-00-DX1.svs
tcga	eed858e8-ea64-40d8-a080-9551941ae1b5	TCGA-37-5819-01Z-00-DX1.svs
tcga	25118f0d-e745-421a-bbd0-136a37963a08	TCGA-39-5036-01Z-00-DX1.svs
tcga	f2b3a978-3d3f-411e-a3ad-a910b997cde3	TCGA-3E-AAAZ-01Z-00-DX1.svs
tcga	a0389f42-258f-41fe-90c3-34d224f3c90b	TCGA-4R-AA8I-01Z-00-DX1.svs
tcga	0af63566-016d-451c-8d29-a02a08d7cd5c	TCGA-55-6975-01Z-00-DX1.svs
tcga	18a048fd-ece4-46ed-beb6-da5243466d34	TCGA-55-8207-01Z-00-DX1.svs
tcga	d55c9a13-07f1-4ac0-af76-4b17a8721098	TCGA-55-8510-01Z-00-DX1.svs
tcga	0dd2b471-dde2-4847-892e-4a42f417544f	TCGA-55-A493-01Z-00-DX1.svs
tcga	4b39d98c-4958-4a63-8b3e-78cf3f9697e2	TCGA-5N-A9KM-01Z-00-DX1.svs
tcga	292ee62d-0507-476e-94d9-7f5a9a240455	TCGA-66-2793-01Z-00-DX1.svs
tcga	d93d6912-d7fa-4156-9d22-ca9e52542a07	TCGA-69-7761-01Z-00-DX1.svs
tcga	3cde1c79-65c1-4d3b-8b0b-f8e81a512865	TCGA-69-7980-01Z-00-DX1.svs
tcga	5f8d6257-e1b0-45e9-b9ea-72d10714126a	TCGA-77-7139-01Z-00-DX1.svs
tcga	77ed0b27-67dc-4764-8789-a85f2b2d036f	TCGA-77-8156-01Z-00-DX1.svs
tcga	f9e6881f-0ceb-4702-b72d-c3df13972ab0	TCGA-77-A5G1-01Z-00-DX1.svs
tcga	4a79f19b-3a67-4ce2-994c-7cd4e29979c7	TCGA-85-7699-01Z-00-DX1.svs
tcga	da37b632-521f-4ad0-9c3c-5ec2a1298ad5	TCGA-85-7950-01Z-00-DX1.svs
tcga	a0fe2db4-e135-4581-a15f-1dce0cab5af5	TCGA-85-8277-01Z-00-DX1.svs
tcga	42b16372-261d-42d2-95e5-27cae585e69d	TCGA-86-8671-01Z-00-DX1.svs
tcga	1d5f5e36-55e9-4ecc-8363-ddf12e8b6044	TCGA-95-8494-01Z-00-DX1.svs
tcga	e5e7bff8-cf44-47d9-9328-358ff8dc9172	TCGA-97-7938-01Z-00-DX1.svs
tcga	d603e1be-5b2a-442c-9610-b1b100dd6d3d	TCGA-98-8021-01Z-00-DX1.svs
tcga	25daa5e5-bf3c-41e6-9b9e-170c18a603fb	TCGA-99-7458-01Z-00-DX1.svs
tcga	dc155ae9-3151-49b8-8b83-990e81691464	TCGA-A2-A0SY-01Z-00-DX1.svs
tcga	ecf2d2d4-5d3d-4514-b623-d58e366949f6	TCGA-A2-A3XZ-01Z-00-DX1.svs
tcga	393905a9-ff72-4147-af6f-5d80b0687caf	TCGA-A4-7286-01Z-00-DX1.svs
tcga	b991e35e-920a-497f-a6e8-30fc833d0488	TCGA-A7-A13F-01Z-00-DX1.svs
tcga	7bbe08ab-3166-422e-bee3-e5241a30e257	TCGA-A7-A13F-01Z-00-DX2.svs
tcga	2449ff02-6925-4f25-9074-7c5fbeab0bd2	TCGA-AC-A23G-01Z-00-DX1.svs
tcga	8472de58-9075-4534-b00b-3a87ba2158da	TCGA-AD-6963-01Z-00-DX1.svs
tcga	446c378f-f171-4101-a32a-561413f79fac	TCGA-AK-3430-01Z-00-DX1.svs
tcga	147ed357-9e92-44fb-8b01-312e148cd525	TCGA-AO-A1KR-01Z-00-DX1.svs
tcga	870057a9-663c-432a-8c07-4af77e6ca31c	TCGA-AO-A1KT-01Z-00-DX1.svs
tcga	7b481ea1-6ad0-4578-b47f-4c46518d79e9	TCGA-AP-A1DH-01Z-00-DX1.svs
tcga	fb49bd4a-63e7-472d-9ff6-b297c46e43cf	TCGA-AR-A24Z-01Z-00-DX1.svs
tcga	fae3ca6e-a673-47a4-97d8-7e9daeaf2115	TCGA-AR-A2LK-01Z-00-DX1.svs
tcga	a0aaad6c-33ac-42b3-b725-1bfce7406c42	TCGA-AY-A54L-01Z-00-DX1.svs
tcga	1080e00d-5e8d-42ee-bc5b-73e74e1ee765	TCGA-B0-4707-01Z-00-DX1.svs
tcga	3563f07c-1c1e-4fbc-b55e-ecede667180d	TCGA-B0-4847-01Z-00-DX1.svs
tcga	a9b20e68-4b43-4a64-ab10-43836fe901d1	TCGA-B3-8121-01Z-00-DX1.svs
tcga	ac130b32-b044-4795-bdb0-b023bc898a08	TCGA-B5-A0JZ-01Z-00-DX1.svs
tcga	9e4fbdb7-824d-4ff4-9bb7-83e67be21b6d	TCGA-B6-A0IB-01Z-00-DX1.svs
tcga	c350bdab-0604-46dc-8d38-4b097b955998	TCGA-B8-5163-01Z-00-DX1.svs
tcga	77009afa-dba7-4706-8f5e-7ae0f56c9330	TCGA-B8-A54I-01Z-00-DX1.svs
tcga	35a54988-841e-4700-b4e4-1ec58af1b2bc	TCGA-BA-5558-01Z-00-DX1.svs
tcga	c247adc9-1b96-4f84-8324-d85bed842a84	TCGA-BB-7866-01Z-00-DX1.svs
tcga	e8b6f082-eb61-412c-aa44-14d260a6466e	TCGA-BF-A9VF-01Z-00-DX1.svs
tcga	44487cfa-1928-451a-95f6-f14f018ea6c5	TCGA-BG-A18A-01Z-00-DX1.svs
tcga	09ecd2f1-aebe-49b9-9841-c8f97692872f	TCGA-BG-A222-01Z-00-DX1.svs
tcga	edcdf8bd-c725-481d-b2c1-ff0f4f41e198	TCGA-BH-A0B4-01Z-00-DX1.svs
tcga	5fd4b14e-7f72-47e1-b0cf-b5b39389171e	TCGA-BH-A1FM-01Z-00-DX1.svs
tcga	df1bd1f2-1b3c-46f9-b024-afd1a04158d3	TCGA-BJ-A28S-01Z-00-DX1.svs
tcga	3dd22237-7f3a-4737-be81-7ae29f67a353	TCGA-BP-4349-01Z-00-DX1.svs
tcga	fceef563-32a9-4b53-9df5-5929bc7e0e8a	TCGA-BP-5181-01Z-00-DX1.svs
tcga	9a90cac7-8bd8-43d6-840e-341ae96af81d	TCGA-BP-5183-01Z-00-DX1.svs
tcga	181bbbcd-c0f7-403b-9663-49baf69aa782	TCGA-BP-5199-01Z-00-DX1.svs
tcga	acad5023-32f0-48aa-b4dd-80df4b06fd4d	TCGA-BR-7703-01Z-00-DX1.svs
tcga	a5d1404b-347b-41d7-9dd3-e549d20c6c19	TCGA-BR-8362-01Z-00-DX1.svs
tcga	c27cf134-0e1b-49d6-a19a-b93f5ebbdcc8	TCGA-BW-A5NQ-01Z-00-DX1.svs
tcga	68f89491-dbf2-41e4-9e8d-00525e0c5557	TCGA-C5-A1BM-01Z-00-DX1.svs
tcga	b6c8e60d-65a5-40af-83ca-1d9b5c4889ea	TCGA-C5-A1BQ-01Z-00-DX1.svs
tcga	930bd45f-64f8-48a9-a4f3-e14c383ce6b6	TCGA-CA-5254-01Z-00-DX1.svs
tcga	ef9e8336-1099-42ae-aa5e-56ef59d3da3a	TCGA-CA-6719-01Z-00-DX1.svs
tcga	4deb494c-40e3-4a75-8391-3310571a7f99	TCGA-CC-A8HT-01Z-00-DX1.svs
tcga	160269ac-8e0f-4fa7-a502-c2ac6ebe25c2	TCGA-CD-A487-01Z-00-DX1.svs
tcga	c3753183-3a53-43c3-b589-8bc00f7c2403	TCGA-CE-A482-01Z-00-DX1.svs
tcga	7b8b1160-2f6b-44ac-936e-0daa66989d8f	TCGA-CF-A5U8-01Z-00-DX1.svs
tcga	4f97d5d7-011f-4461-97ca-ed5f7513f852	TCGA-CI-6622-01Z-00-DX1.svs
tcga	4c3dfaa1-f88f-4c89-990a-b4340d99dd34	TCGA-CJ-4639-01Z-00-DX1.svs
tcga	c867ee6a-eb33-43cf-a676-4de0e547b03b	TCGA-CN-5366-01Z-00-DX1.svs
tcga	974155b6-52e5-41be-b0b4-cc0493d2665e	TCGA-CV-6960-01Z-00-DX1.svs
tcga	69b80e9a-f0b0-4047-9e91-627dbcc9c0f7	TCGA-CV-7100-01Z-00-DX1.svs
tcga	84306571-abcf-4a95-959b-6c33e811d44c	TCGA-CV-7437-01Z-00-DX1.svs
tcga	ccec0071-4ae9-494d-8ecf-be7bfda2adc8	TCGA-CZ-5467-01Z-00-DX1.svs
tcga	92ad874a-2df0-4852-af08-bb0409dfea69	TCGA-D1-A17R-01Z-00-DX1.svs
tcga	e756db36-4249-4e8e-b95a-63336cc77c5b	TCGA-D3-A8GQ-06Z-00-DX1.svs
tcga	c278e965-d5e0-49bf-87f5-a9257b2b702c	TCGA-D5-6920-01Z-00-DX1.svs
tcga	83978ed8-06af-4e45-a6be-3011a04b527c	TCGA-D6-6515-01Z-00-DX2.svs
tcga	851b4a6f-8bdc-4783-b8cc-74f5b0959757	TCGA-D6-A6EO-01Z-00-DX1.svs
tcga	32a5ad8f-4ce0-4256-a56f-4df0f8d959ef	TCGA-D8-A1JL-01Z-00-DX1.svs
tcga	619bee8c-e250-49a2-86c0-766112714bb6	TCGA-D8-A27L-01Z-00-DX1.svs
tcga	9afc99b8-4e7c-4607-a9ee-9b10c939f43d	TCGA-DA-A1I4-01Z-00-DX1.svs
tcga	8511f644-8083-4145-96f0-59d389fccc47	TCGA-DB-A64O-01Z-00-DX1.svs
tcga	168084ab-1bd0-4914-8e14-47eb5e851a20	TCGA-DD-AAC8-01Z-00-DX1.svs
tcga	6ffd28f8-f36a-495d-90d4-af00797d505e	TCGA-DD-AACN-01Z-00-DX1.svs
tcga	cd6e9a04-c3ae-4084-926d-d950dd1366f5	TCGA-DD-AAE4-01Z-00-DX1.svs
tcga	c072f1cf-9805-478c-bc53-b72fa6af22b5	TCGA-DD-AAEB-01Z-00-DX1.svs
tcga	e6121ec8-221d-4684-a568-2e682f13546f	TCGA-DE-A4MA-01Z-00-DX1.svs
tcga	534007d7-cc8c-435d-903b-69db65df22f9	TCGA-DH-5142-01Z-00-DX1.svs
tcga	be492542-1256-437c-bee3-909408a4c39d	TCGA-DH-A66B-01Z-00-DX1.svs
tcga	40f322e3-ce5c-4990-87fe-da2de6cb7a48	TCGA-DJ-A2Q9-01Z-00-DX1.svs
tcga	d4bcc8f6-0112-4808-a40d-b1b09aae0a6c	TCGA-DS-A0VN-01Z-00-DX1.svs
tcga	8f31c4d1-27d7-428a-a0cc-0d8442085ce9	TCGA-DU-A5TU-01Z-00-DX1.svs
tcga	e9505ca9-bf69-410a-8a6a-e1f00a2673e8	TCGA-DX-A6YV-01Z-00-DX2.svs
tcga	d70fb935-ca87-46a3-8f50-e8ce4b897dc8	TCGA-DX-A6YV-01Z-00-DX3.svs
tcga	67d80bcb-5b20-419e-866d-a53f6fdfcca4	TCGA-DX-A6YV-01Z-00-DX4.svs
tcga	42d22c74-0444-44ad-b9d8-8328a6a9ebfa	TCGA-DX-A6YV-01Z-00-DX5.svs
tcga	eed47fd2-45bf-4957-abea-e42b15c797d6	TCGA-DX-A8BL-01Z-00-DX1.svs
tcga	b47114fc-ab9b-492e-b68e-f736960d7e4b	TCGA-DX-A8BL-01Z-00-DX3.svs
tcga	11b16feb-eb88-46d8-82d9-8598d5246fe1	TCGA-DX-A8BL-01Z-00-DX4.svs
tcga	1f57cfbb-53d1-4681-b847-69c1f934a1df	TCGA-DX-A8BL-01Z-00-DX5.svs
tcga	d6b7d683-af37-49b5-a8c3-b67d0bcb2466	TCGA-DX-AB2Z-01Z-00-DX2.svs
tcga	17c26ec3-68c7-4554-9922-e160060ae022	TCGA-DX-AB2Z-01Z-00-DX3.svs
tcga	c8b95dcd-01aa-43fa-89f2-35d6ad7da8ea	TCGA-DX-AB2Z-01Z-00-DX4.svs
tcga	327ceb9d-959d-4ca7-a1f5-4c9401f7883f	TCGA-DX-AB2Z-01Z-00-DX5.svs
tcga	24bf891a-10be-4bd3-bca9-23691f376078	TCGA-E1-A7YE-01Z-00-DX1.svs
tcga	96ce4bc0-f846-4a4a-b2a8-925ed5dd423e	TCGA-E2-A15K-01Z-00-DX1.svs
tcga	86fb88cd-26c9-44a2-9dca-a4206e2de45e	TCGA-E6-A1LX-01Z-00-DX1.svs
tcga	5adf7dd9-cf70-447f-8a5f-6125aab91f1e	TCGA-E6-A2P8-01Z-00-DX1.svs
tcga	a012d992-3706-46d7-90a4-47efa5e6e399	TCGA-E7-A5KF-01Z-00-DX1.svs
tcga	53a336f8-63b0-4333-ac0c-18eb56dbe430	TCGA-EA-A1QT-01Z-00-DX1.svs
tcga	ed5a91a9-7769-4254-8cc7-40dcdbd2c96b	TCGA-EE-A2A6-01Z-00-DX1.svs
tcga	87898bfc-86b3-4a1e-8c10-44f1f4ba6e2a	TCGA-EE-A2MJ-01Z-00-DX1.svs
tcga	4fc8c650-54ea-4a89-aa61-e9b4c5b1758d	TCGA-EI-6507-01Z-00-DX1.svs
tcga	c9e6256b-ae8c-43e6-a87f-d645e34aadec	TCGA-EJ-7314-01Z-00-DX1.svs
tcga	b0225d62-ebf9-4225-a527-f33b497436b5	TCGA-EJ-A46F-01Z-00-DX1.svs
tcga	a26b9f68-8cf6-4974-82ff-d917ec4c1951	TCGA-EL-A3GW-01Z-00-DX1.svs
tcga	354278e4-9b7f-49f1-aa8e-0dbde3d443db	TCGA-EL-A4JZ-01Z-00-DX1.svs
tcga	99c47032-f91f-42db-860e-66bb22d92218	TCGA-EM-A2CP-01Z-00-DX1.svs
tcga	ae0026a0-c0d3-46b8-8646-8796eca83c61	TCGA-EM-A3FP-01Z-00-DX1.svs
tcga	584df19e-70ad-4a53-9563-8075f2217d6e	TCGA-EO-A2CH-01Z-00-DX1.svs
tcga	c70600f8-b4f3-469a-b5c4-afdf999f0471	TCGA-ER-A19F-01Z-00-DX1.svs
tcga	d7429914-0535-4987-9bdf-1cd2fdb91213	TCGA-ET-A3DR-01Z-00-DX1.svs
tcga	2c3dea2c-5ce6-4de5-ad15-b3f9416b0ab4	TCGA-EW-A1J1-01Z-00-DX1.svs
tcga	0f07c601-42ef-42b8-bebb-e08a9541ee01	TCGA-EW-A1P0-01Z-00-DX1.svs
tcga	ffc87483-300d-4b82-be51-1673a29dc2b1	TCGA-EY-A210-01Z-00-DX1.svs
tcga	d05ba2c4-cfc4-44c2-9a74-b5a28134fb9c	TCGA-EY-A2ON-01Z-00-DX1.svs
tcga	bb77b463-fe08-4513-a49d-aabd19037092	TCGA-F2-A8YN-01Z-00-DX1.svs
tcga	4d57395f-752b-4005-a144-83de7f11499e	TCGA-FD-A5BR-01Z-00-DX1.svs
tcga	b536d111-ca0c-4b6b-9ee4-e3dc039b695e	TCGA-FS-A1ZE-06Z-00-DX1.svs
tcga	7c0c25e4-2f77-416c-9e3a-ab0870a57540	TCGA-G2-A3IE-01Z-00-DX1.svs
tcga	82a5ad95-8907-4769-a30a-bab3ff9a4451	TCGA-G2-A3IE-01Z-00-DX2.svs
tcga	3bcf18c0-708e-45ca-bd05-99ceca10dbfe	TCGA-G4-6309-01Z-00-DX1.svs
tcga	10017aed-76fd-446f-8ed4-466e850496c9	TCGA-G8-6907-01Z-00-DX1.svs
tcga	e61df737-d641-4595-b0cf-940bfcddc6c3	TCGA-GM-A2DN-01Z-00-DX1.svs
tcga	b8c468ef-48ae-4abd-8590-2c25233c08a7	TCGA-H9-A6BY-01Z-00-DX1.svs
tcga	b01f25f2-871f-4c5b-952a-3cd3f2299022	TCGA-HC-7741-01Z-00-DX1.svs
tcga	b2310051-a420-4c6c-b968-b4b48024d578	TCGA-HC-7744-01Z-00-DX1.svs
tcga	26170842-5b30-4e25-830d-a1d6e2b44d5c	TCGA-HD-7832-01Z-00-DX1.svs
tcga	9e0602c4-d29c-4bcb-987d-6a7a2b669231	TCGA-HE-7128-01Z-00-DX1.svs
tcga	7a646d4d-22b2-473e-a0fd-a1f37371ead1	TCGA-HE-7130-01Z-00-DX1.svs
tcga	3fef4272-29d0-4aa6-b258-28f215b61ec3	TCGA-HG-A2PA-01Z-00-DX1.svs
tcga	7a91188d-2935-4fec-835e-2814f9c8a54d	TCGA-HN-A2NL-01Z-00-DX1.svs
tcga	97bc02a6-1f3a-4904-9918-732bbf46937e	TCGA-HT-7481-01Z-00-DX1.svs
tcga	94f78f96-5cc9-422d-82ab-16ec77f6a448	TCGA-HT-7481-01Z-00-DX2.svs
tcga	c0e2b16f-3bec-45cb-84c4-57efda4a1ff3	TCGA-HT-7481-01Z-00-DX3.svs
tcga	a6e43f85-8a68-4ac5-ab5c-25498ad5f30b	TCGA-HT-7481-01Z-00-DX4.svs
tcga	365ba9b3-a071-4742-a20c-2ee5be19b682	TCGA-HT-7606-01Z-00-DX1.svs
tcga	1b2fa2eb-44b5-410e-b34c-c935c144b0df	TCGA-HT-7606-01Z-00-DX2.svs
tcga	313fe313-9081-4e75-9d57-0ac4e43cf7da	TCGA-HT-8109-01Z-00-DX1.svs
tcga	76dd4552-8d02-42ee-a7a8-8065fb870d0d	TCGA-HV-AA8V-01Z-00-DX1.svs
tcga	17e60f74-dba8-4471-b3f7-0b70e5b06951	TCGA-IB-AAUW-01Z-00-DX1.svs
tcga	f0609b76-0848-429b-bd68-2aab86da193c	TCGA-IG-A51D-01Z-00-DX1.svs
tcga	2ad3c5e2-5569-4915-895c-12b5a521279e	TCGA-J4-A67L-01Z-00-DX1.svs
tcga	c8fdc61f-cef2-4822-96a2-23b94a2b626e	TCGA-JV-A5VF-01Z-00-DX1.svs
tcga	b62958a2-2e01-45c1-bead-529315539c22	TCGA-JY-A6FE-01Z-00-DX1.svs
tcga	a5bf2a83-4a00-4728-9fd1-a343823d2f6b	TCGA-KK-A6E6-01Z-00-DX1.svs
tcga	8e0a7189-10ef-4830-997f-bca955f9aec6	TCGA-KM-8438-01Z-00-DX1.svs
tcga	27fa38ff-d4a8-4149-a3bb-702cc81678b3	TCGA-KN-8436-01Z-00-DX1.svs
tcga	06cabd4b-c045-413a-8674-36992d62ff2e	TCGA-L9-A50W-01Z-00-DX1.svs
tcga	1e3d7e89-ee2c-46fd-8697-2e62886657fb	TCGA-LL-A5YL-01Z-00-DX1.svs
tcga	53eedc41-8059-4cc9-9045-8e3ef41c971a	TCGA-MH-A562-01Z-00-DX1.svs
tcga	6e478b35-034d-4539-8fa7-c6ae946983b3	TCGA-MK-A4N6-01Z-00-DX1.svs
tcga	c8833706-ff94-4196-ae78-9f8bb2a76fce	TCGA-MX-A666-01Z-00-DX1.svs
tcga	68b01e8a-867b-414b-9880-229ff805e872	TCGA-N1-A6IA-01Z-00-DX1.svs
tcga	18bc7b86-8718-4649-99c5-8a272a59d902	TCGA-N1-A6IA-01Z-00-DX2.svs
tcga	d2879ff7-fd22-4ff1-8135-d7cbdab863e8	TCGA-N5-A4RJ-01Z-00-DX1.svs
tcga	85711c45-5a79-4617-85a5-ea3424fa081d	TCGA-NC-A5HM-01Z-00-DX1.svs
tcga	7544f41b-9c23-4a8f-902c-797b5e92fd23	TCGA-NC-A5HR-01Z-00-DX1.svs
tcga	3f9a9c38-e726-47ec-82ce-f9f8bf77d25d	TCGA-O1-A52J-01Z-00-DX1.svs
tcga	1090010a-c5b6-48d9-9fe8-0c798586096c	TCGA-OL-A6VO-01Z-00-DX1.svs
tcga	050d1c5d-08f9-49a6-ab70-3073b03e84d5	TCGA-OR-A5JR-01Z-00-DX2.svs
tcga	d86456be-24d1-4436-8cf4-8803315bd779	TCGA-OR-A5JR-01Z-00-DX3.svs
tcga	4c97fd9f-7197-4c58-8ab1-84a8d7f7ada0	TCGA-OR-A5JR-01Z-00-DX5.svs
tcga	4c5aea35-1d2d-4cbd-912b-d49246de2ef1	TCGA-OX-A56R-01Z-00-DX1.svs
tcga	a0fc03f0-b74d-447f-9802-c7ff6920306a	TCGA-P5-A737-01Z-00-DX1.svs
tcga	5ee98d40-3bcf-475e-bf11-baf5ebd6f697	TCGA-Q1-A73O-01Z-00-DX1.svs
tcga	dfb2bea0-b615-446d-b9d9-4a3529c87865	TCGA-QH-A6X3-01Z-00-DX1.svs
tcga	1aef4b42-7018-45f9-b007-3aaf0a00356f	TCGA-QR-A70E-01Z-00-DX1.svs
tcga	77cb016d-ca28-4653-beee-00b7b0a14b4c	TCGA-QS-A744-01Z-00-DX1.svs
tcga	782605e6-e88a-4a17-8380-48d940b480ce	TCGA-R5-A7ZR-01Z-00-DX1.svs
tcga	1dcb4dca-ccc4-4c50-8eeb-6a1688ac1c28	TCGA-R5-A805-01Z-00-DX1.svs
tcga	0c07b52a-751e-41c9-bb9e-1f2bc7c80145	TCGA-RD-A8N6-01Z-00-DX1.svs
tcga	6cfe2de0-bfbd-4be3-aef8-a74e471d7603	TCGA-RP-A6K9-01Z-00-DX1.svs
tcga	94693a17-1b38-424d-9d0b-aeab0ebfcc74	TCGA-S9-A6U5-01Z-00-DX1.svs
tcga	c795d7d9-f523-4347-8eff-f5a654c2778b	TCGA-S9-A7IZ-01Z-00-DX1.svs
tcga	ae6e7ab8-fdc4-4e70-95d7-591705062e89	TCGA-SC-A6LM-01Z-00-DX1.svs
tcga	98fc2994-8010-4eca-ab5f-9ba8c811e38b	TCGA-SC-A6LM-01Z-00-DX2.svs
tcga	34cdebdb-9269-4d34-8ce1-c49c68d12bde	TCGA-SC-A6LR-01Z-00-DX1.svs
tcga	390c5974-3db1-4e5e-9449-5e8d3efbcb07	TCGA-UY-A78L-01Z-00-DX1.svs
tcga	37a945f6-93dc-47b9-b87f-917f41e4f1e1	TCGA-UZ-A9PO-01Z-00-DX1.svs
tcga	7a5aca00-a825-4c91-8a0b-64dda34e6d3b	TCGA-V5-AASW-01Z-00-DX1.svs
tcga	2e49b13a-9976-4a06-b185-79c1633cea83	TCGA-VD-AA8N-01Z-00-DX1.svs
tcga	4f5b8cb3-bd2e-4cdf-9ea0-6d06478e8826	TCGA-W5-AA2G-01Z-00-DX1.svs
tcga	2ac70d19-8e3c-417a-bca5-d811fa1a3f2f	TCGA-WE-A8ZX-06Z-00-DX1.svs
tcga	24981017-8bfc-41da-a2d5-956d38a826b1	TCGA-WK-A8XX-01Z-00-DX1.svs
tcga	359e4480-34a8-4161-bae7-805e1489111d	TCGA-WK-A8XX-01Z-00-DX4.svs
tcga	82bb6d58-7886-43f1-9508-102b75fda1a5	TCGA-WK-A8XX-01Z-00-DX5.svs
tcga	59815d71-7089-43fd-913a-0c4167184cc1	TCGA-WY-A85D-01Z-00-DX1.svs
tcga	79dd9959-e4cf-4942-b77e-7ed56b3e4c04	TCGA-XF-A9SY-01Z-00-DX1.svs
tcga	c035b594-7d9a-413d-8319-dc6fa4a8eba9	TCGA-XM-A8RF-01Z-00-DX1.svs
tcga	48d0502c-877d-4d92-9a6e-4719a21524cf	TCGA-XU-AAXW-01Z-00-DX1.svs
tcga	bd9345b3-50c3-4d89-8b34-45ca11cfed13	TCGA-YL-A9WH-01Z-00-DX1.svs
tcga	4f9532ce-e4f5-4c18-a1c1-37581d58c8fb	TCGA-YZ-A985-01Z-00-DX1.svs
tcga	7dc2d364-0dc5-4e2b-b01b-ec3d483cf0b4	TCGA-ZF-AA5N-01Z-00-DX1.svs
tcga_slidebench	fa75eee1-cb31-46bc-a814-7baee5847d64	TCGA-HC-7080-01Z-00-DX1.svs
tcga_slidebench	765214bd-6c5c-4c7b-9e0e-21736495919b	TCGA-BH-A1F8-01Z-00-DX1.svs
tcga_slidebench	7956c065-4154-430e-88e2-1892ae9e6912	TCGA-3S-A8YW-01Z-00-DX1.svs
tcga_slidebench	0bff0e0b-16cd-430f-aac9-d35ecac52927	TCGA-G3-A7M6-01Z-00-DX1.svs
tcga_slidebench	99b1c55f-4cd2-4b42-aa8b-fae61fe5172f	TCGA-CV-A6JD-01Z-00-DX1.svs
tcga_slidebench	5c0685db-157f-4d01-81ab-71228b6bd84c	TCGA-BR-A4IZ-01Z-00-DX1.svs
tcga_slidebench	ae7f998c-d185-4114-a4a3-3cbbbed055f0	TCGA-55-8206-01Z-00-DX1.svs
tcga_slidebench	b0a0a77e-b0a5-486f-bf0a-9389151dd2b5	TCGA-V1-A9ZI-01Z-00-DX1.svs
tcga_slidebench	611b7039-10a5-4ca9-9498-b5b93531b255	TCGA-A2-A25B-01Z-00-DX1.svs
tcga_slidebench	adfd776e-60f9-48e5-a66c-047c7a0d1aca	TCGA-DD-A3A4-01Z-00-DX1.svs
tcga_slidebench	b4dcc3ef-345a-4cf6-965f-fc6112d1cc81	TCGA-97-8172-01Z-00-DX1.svs
tcga_slidebench	ed1ca2f4-7bb5-454f-aa01-d06bcc09066b	TCGA-A5-A0GJ-01Z-00-DX1.svs
tcga_slidebench	77ac6250-b4f3-4a8b-8f09-a856aa097aea	TCGA-ZP-A9D2-01Z-00-DX1.svs
tcga_slidebench	b0487742-edc8-464b-a5de-1041cc4fbe9b	TCGA-IB-7891-01Z-00-DX1.svs
tcga_slidebench	c650a263-4115-45bc-b16f-6b88b1c0bd5b	TCGA-EA-A3HT-01Z-00-DX1.svs
tcga_slidebench	8929de4d-3935-4138-a844-433afe213f49	TCGA-D8-A1JS-01Z-00-DX1.svs
tcga_slidebench	4357f97f-ae13-4e60-a8ca-cabfc5571ca9	TCGA-EL-A3CS-01Z-00-DX1.svs
tcga_slidebench	4f8c0f93-5eac-40bc-bbc2-78cba1cf3e7e	TCGA-BH-A0HK-01Z-00-DX1.svs
tcga_slidebench	097a6019-c6a3-4ca4-9482-a26294c99e91	TCGA-B5-A0JX-01Z-00-DX1.svs
tcga_slidebench	e3319ea2-10e2-4626-8844-4e6f82d0dcd0	TCGA-EW-A1PA-01Z-00-DX1.svs
tcga_slidebench	a65e374b-ab60-4c9f-907f-86767ffc8f56	TCGA-EA-A97N-01Z-00-DX1.svs
tcga_slidebench	32a5ad8f-4ce0-4256-a56f-4df0f8d959ef	TCGA-D8-A1JL-01Z-00-DX1.svs
tcga_slidebench	2993aa97-615f-4385-b0e0-4db28802f92e	TCGA-A3-3374-01Z-00-DX1.svs
tcga_slidebench	e6987137-983d-42e4-9f48-55a96500445e	TCGA-VQ-A924-01Z-00-DX1.svs
tcga_slidebench	a45c9a16-d643-4629-9a0f-1d382cedf841	TCGA-SR-A6MZ-01Z-00-DX1.svs
tcga_slidebench	0fad68ea-4c83-4c3e-918a-c8f63bb3adef	TCGA-EJ-5542-01Z-00-DX1.svs
tcga_slidebench	c8d95649-463e-495f-a783-a14363300b3a	TCGA-4V-A9QQ-01Z-00-DX1.svs
tcga_slidebench	3d0edfba-69e4-4c4d-9e0e-97ca39d218ec	TCGA-DD-A118-01Z-00-DX1.svs
tcga_slidebench	b1f6b0eb-9032-4f2c-91f9-00ef3e5106d0	TCGA-VQ-A8E0-01Z-00-DX1.svs
tcga_slidebench	5069e79d-98d8-42f1-8dbd-3a426d45fdd0	TCGA-KS-A4IB-01Z-00-DX1.svs
tcga_slidebench	c9d55e06-4fbc-4228-aeee-f8eb2e4b8e24	TCGA-A8-A09E-01Z-00-DX1.svs
tcga_slidebench	70892fd6-dde1-4c2c-b57f-6c28f3e06a4b	TCGA-BQ-5875-01Z-00-DX1.svs
tcga_slidebench	9fde21c2-0389-4f5b-87cd-60f5d95f76d7	TCGA-MP-A4TE-01Z-00-DX1.svs
tcga_slidebench	f7cf0253-5538-41f5-be2a-603f0a31ba43	TCGA-BC-A8YO-01Z-00-DX1.svs
tcga_slidebench	4d39c4f9-2f14-45cb-8dff-e7f13b1c5dff	TCGA-HU-8249-01Z-00-DX1.svs
tcga_slidebench	8f7cdbca-32a7-4bd3-be11-6cf7b7b03d13	TCGA-50-6591-01Z-00-DX1.svs
tcga_slidebench	f8feb8dc-3022-489e-a482-e6dcd6e8f13a	TCGA-NP-A5B3-01Z-00-DX1.svs
tcga_slidebench	c7e8578a-1c57-4f26-bcd7-915e1e8d7e9e	TCGA-05-4410-01Z-00-DX1.svs
tcga_slidebench	d8f72e82-5a78-4f89-b819-c1514ddf7b3d	TCGA-AK-3443-01Z-00-DX1.svs
tcga_slidebench	9af6f832-035e-4b20-b836-a355b8cef97e	TCGA-GM-A2DK-01Z-00-DX1.svs
tcga_slidebench	33adb0a7-144a-4771-a684-195d4cc611dc	TCGA-KL-8345-01Z-00-DX1.svs
tcga_slidebench	d6cf7ad8-60bd-4f8f-abef-a87c5e5dfa66	TCGA-PR-A5PH-01Z-00-DX1.svs
tcga_slidebench	b552c886-f581-487c-a913-d2437bdd47d0	TCGA-EO-A22T-01Z-00-DX1.svs
tcga_slidebench	5b4088fa-6828-4cd3-aedd-cbd6f07a2d9c	TCGA-K4-A5RH-01Z-00-DX1.svs
tcga_slidebench	4d80b284-86ef-4dd5-b09f-14bd6d171d9d	TCGA-E2-A1LS-01Z-00-DX1.svs
tcga_slidebench	97be427e-18d4-4ccb-89e6-a08e710c3961	TCGA-F7-A61V-01Z-00-DX1.svs
tcga_slidebench	b1a00e22-7a0b-4523-8b73-dfc853ae73e0	TCGA-60-2715-01Z-00-DX1.svs
tcga_slidebench	b4146a49-82f1-4aca-9242-00730b43526e	TCGA-BR-A4QI-01Z-00-DX1.svs
tcga_slidebench	47af7248-92f4-4111-a215-15dc28148585	TCGA-EJ-5516-01Z-00-DX1.svs
tcga_slidebench	8f936d42-6deb-43a5-995b-4af18e6a2462	TCGA-A2-A0EY-01Z-00-DX1.svs
tcga_slidebench	3f195252-ba38-4843-8779-1e54568d69df	TCGA-UL-AAZ6-01Z-00-DX1.svs
tcga_slidebench	0fa7cb35-e412-4350-9fc8-b4fafb0399a9	TCGA-BT-A42B-01Z-00-DX1.svs
tcga_slidebench	d1b0e00d-de54-41d2-9f09-8f4461440682	TCGA-A8-A0A9-01Z-00-DX1.svs
tcga_slidebench	11788f0b-b8d2-4f2c-9944-416560ac5843	TCGA-X7-A8DJ-01Z-00-DX1.svs
tcga_slidebench	804dddc1-726b-4ee8-9b02-cb8d4e46e0d5	TCGA-BH-A1EV-01Z-00-DX1.svs
tcga_slidebench	cb799dfc-b566-4adf-8815-34087bf14be6	TCGA-MB-A5Y9-01Z-00-DX1.svs
tcga_slidebench	3b2154ee-4d1d-4e2a-9863-173fc4a2e66b	TCGA-78-7154-01Z-00-DX1.svs
tcga_slidebench	1370556c-1907-4be5-ab14-8dd5473c256f	TCGA-B5-A3FC-01Z-00-DX1.svs
tcga_slidebench	8b7a0719-5927-4caa-ad0c-1b7c5fe26173	TCGA-KK-A6DY-01Z-00-DX1.svs
tcga_slidebench	cd316e1d-8468-4aff-aa55-685dab5f9b19	TCGA-CK-5916-01Z-00-DX1.svs
tcga_slidebench	98fee5ac-98df-4dc3-80da-64853665ebfc	TCGA-EL-A3ZQ-01Z-00-DX1.svs
tcga_slidebench	6e1b44e9-94cc-455d-b5ec-b04d81f039c8	TCGA-A8-A06N-01Z-00-DX1.svs
tcga_slidebench	2678c27a-d474-4960-bb99-b4135a8e0353	TCGA-CM-5862-01Z-00-DX1.svs
tcga_slidebench	4db421ac-2d76-4e93-8cbe-397b5d22039b	TCGA-19-5955-01Z-00-DX1.svs
tcga_slidebench	e70c89a5-1c2f-43f8-b6be-589beea55338	TCGA-BH-A201-01Z-00-DX1.svs
tcga_slidebench	002fcadf-cc24-4d16-9908-e42a3d56c644	TCGA-XU-AAXX-01Z-00-DX1.svs
tcga_slidebench	fbefe2fb-7393-405c-a43d-68b6bbc4bf24	TCGA-EL-A3ZT-01Z-00-DX1.svs
tcga_slidebench	919ee5f1-f2b9-4065-b07c-0b9687af5456	TCGA-D8-A27F-01Z-00-DX1.svs
tcga_slidebench	5115cfbc-b07d-47a6-84c0-db69e01286d4	TCGA-B0-5119-01Z-00-DX1.svs
tcga_slidebench	5920d202-0965-46f9-80e8-985c2656198e	TCGA-FE-A230-01Z-00-DX1.svs
tcga_slidebench	a9b20e68-4b43-4a64-ab10-43836fe901d1	TCGA-B3-8121-01Z-00-DX1.svs
tcga_slidebench	60860518-eb96-43f0-8a98-73218c9416f2	TCGA-BJ-A28Z-01Z-00-DX1.svs
tcga_slidebench	e12a9a1e-d88a-4e9a-8bd6-1abf206ca587	TCGA-FY-A3R9-01Z-00-DX1.svs
tcga_slidebench	7cc34040-3ce7-48c5-8672-f12c0729b4f6	TCGA-G3-AAV6-01Z-00-DX1.svs
tcga_slidebench	e933492e-54d2-468e-98db-202674e6de91	TCGA-T2-A6X0-01Z-00-DX1.svs
tcga_slidebench	badd63c9-8130-4646-95da-20fcf3f0c97e	TCGA-MX-A663-01Z-00-DX1.svs
tcga_slidebench	d367f59f-18db-4e50-8fc7-d4b16998888d	TCGA-A3-A8CQ-01Z-00-DX1.svs
tcga_slidebench	c6217f3c-8238-48d3-828d-072da1c1bbf7	TCGA-N5-A4RS-01Z-00-DX1.svs
tcga_slidebench	b1c2a60c-a48c-42f2-9086-056742366c87	TCGA-AJ-A3EK-01Z-00-DX1.svs
tcga_slidebench	8f666638-e5a2-4088-972b-ab614bc1f306	TCGA-PE-A5DD-01Z-00-DX1.svs
tcga_slidebench	b0dc5eb5-1e89-4eda-bcb5-e06318915b3f	TCGA-A4-8312-01Z-00-DX1.svs
tcga_slidebench	42c488e1-1be0-4ad2-9b56-2ab9e53f49e9	TCGA-O9-A75Z-01Z-00-DX1.svs
tcga_slidebench	d40c6e96-f2bc-4382-8cad-3cec9b342f7c	TCGA-XF-AAMZ-01Z-00-DX1.svs
tcga_slidebench	05843435-cd47-4dd1-a69b-b46e5e98518f	TCGA-05-4420-01Z-00-DX1.svs
tcga_slidebench	d41069c8-1094-4674-bc96-4cf7f459b851	TCGA-B2-4098-01Z-00-DX1.svs
tcga_slidebench	9b36f140-cc02-422d-bbe0-ce6d94fdca77	TCGA-DU-7294-01Z-00-DX1.svs
tcga_slidebench	18a69c08-5ace-49d2-901d-6d0fa8201eff	TCGA-93-A4JN-01Z-00-DX1.svs
tcga_slidebench	a8159a6e-5816-493f-9bd0-5061c6d41866	TCGA-BH-A1EY-01Z-00-DX1.svs
tcga_slidebench	0f58ae76-9875-4861-8d25-19de0b5c827e	TCGA-DK-A3IS-01Z-00-DX1.svs
tcga_slidebench	95ed3ddb-c364-4669-959f-1ebf7e0a3404	TCGA-XF-AAMJ-01Z-00-DX1.svs
tcga_slidebench	8c6de2ba-603e-4e0a-988c-836f49719a27	TCGA-B0-4814-01Z-00-DX1.svs
tcga_slidebench	46d6c539-960a-4a7b-ae7a-9e3dcfbe744a	TCGA-B5-A11E-01Z-00-DX1.svs
tcga_slidebench	558682bd-f54d-42ab-908a-1ad15b2d51e9	TCGA-BH-A209-01Z-00-DX1.svs
tcga_slidebench	1c8e9a67-912a-4c69-965a-6b2f0e71eb30	TCGA-A2-A0CV-01Z-00-DX1.svs
tcga_slidebench	4480dc0e-f353-41eb-8ad1-6502bd7e3562	TCGA-P5-A780-01Z-00-DX1.svs
tcga_slidebench	60f8249b-abf8-4ae3-a472-ed2a428e3834	TCGA-05-4433-01Z-00-DX1.svs
tcga_slidebench	83f6ffcc-0c38-457c-b041-b19d1541ce07	TCGA-G4-6293-01Z-00-DX1.svs
tcga_slidebench	67cd0eac-769d-45d6-be6f-1a852a8a897e	TCGA-AG-4009-01Z-00-DX1.svs
tcga_slidebench	9a8b6861-003e-4ec0-b8e8-f0fcdbd2e169	TCGA-2H-A9GQ-01Z-00-DX1.svs
tcga_slidebench	0f93bc51-9428-4241-8e03-765c47ce709a	TCGA-BH-A0H9-01Z-00-DX1.svs
tcga_slidebench	d722dfb3-bbf4-47c6-895c-465544f3d846	TCGA-DD-AAE8-01Z-00-DX1.svs
tcga_slidebench	982f56ba-1459-402e-9624-71ac9e22ab2e	TCGA-KS-A4I5-01Z-00-DX1.svs
tcga_slidebench	994db278-3ed5-4527-9066-a45867be7ef2	TCGA-GM-A2D9-01Z-00-DX1.svs
tcga_slidebench	66abb7db-df62-42a3-8213-68715ddfc7ee	TCGA-AC-A62Y-01Z-00-DX1.svs
tcga_slidebench	9e2acfcf-3e96-4aed-9529-7cc3787f2e4f	TCGA-EW-A1P4-01Z-00-DX1.svs
tcga_slidebench	880ae8ec-b8e8-4d9f-b0f1-2457a8a69cc5	TCGA-ET-A3DQ-01Z-00-DX1.svs
tcga_slidebench	a16719c9-9d65-4ed7-b864-be846b2a5515	TCGA-DU-5871-01Z-00-DX1.svs
tcga_slidebench	13078574-0f19-4851-a085-493e7f95f59d	TCGA-AN-A0FS-01Z-00-DX1.svs
tcga_slidebench	44c5354a-2c73-4c33-bec5-1ae7f9a677fc	TCGA-2Z-A9JM-01Z-00-DX1.svs
tcga_slidebench	6c6be158-b6a3-4c23-aa66-3f577d8f33b8	TCGA-BB-4228-01Z-00-DX1.svs
tcga_slidebench	798a6d7c-f793-4428-ba7f-2f4174b1b9ce	TCGA-DU-A6S3-01Z-00-DX1.svs
tcga_slidebench	fb56e2dc-1dd8-4503-a8d3-eed6d7838fe7	TCGA-SX-A7SU-01Z-00-DX1.svs
tcga_slidebench	8e659845-8289-4db4-a489-a637780a7950	TCGA-AO-A126-01Z-00-DX1.svs
tcga_slidebench	7efb1d67-1480-48cd-884d-4c8a31ecfaa0	TCGA-E3-A3E1-01Z-00-DX1.svs
tcga_slidebench	ff868863-d558-4e5d-b0f7-0f1dc7b21fe8	TCGA-AG-3731-01Z-00-DX1.svs
tcga_slidebench	eebf2fbf-1fbe-4784-a37f-29434f8c00dc	TCGA-NH-A50U-01Z-00-DX1.svs
tcga_slidebench	0b3cff7b-bbe2-40ab-aee6-cb0554940eaa	TCGA-05-4244-01Z-00-DX1.svs
tcga_slidebench	62c9d0fb-7423-4af6-8f7e-ab4bae6a161a	TCGA-EJ-5521-01Z-00-DX1.svs
tcga_slidebench	71157352-e984-4455-b5b0-7fbd90a150e4	TCGA-A8-A0AD-01Z-00-DX1.svs
tcga_slidebench	192328b1-0dd2-4f6a-86bf-90a155382e03	TCGA-A2-A0YC-01Z-00-DX1.svs
tcga_slidebench	874a3be6-ffb7-4351-833b-b2f2c24d110a	TCGA-B0-5104-01Z-00-DX1.svs
tcga_slidebench	1db81db6-77eb-4aee-9e20-5d9cad3d4917	TCGA-LL-A740-01Z-00-DX1.svs
tcga_slidebench	0266cf4d-1d71-43e2-846b-6a1f96ca4a01	TCGA-B9-A8YI-01Z-00-DX1.svs
tcga_slidebench	6d12c6bb-04f8-4cc5-bb60-029e2371710a	TCGA-AP-A1DP-01Z-00-DX1.svs
tcga_slidebench	45b31b73-adeb-4793-837f-8a9f957cffad	TCGA-A2-A3XY-01Z-00-DX1.svs
tcga_slidebench	df7eff22-a7b7-470a-877b-c4cbbc7020fe	TCGA-AA-3812-01Z-00-DX1.svs
tcga_slidebench	52767301-1f67-4c80-88de-a77f3a5ae1c1	TCGA-B6-A1KN-01Z-00-DX1.svs
tcga_slidebench	d6e38f6f-27c3-4d66-923d-d5f8ca5e0eed	TCGA-WB-A821-01Z-00-DX1.svs
tcga_slidebench	aa3ee406-6311-4f9a-813c-c5e49e64ae79	TCGA-BS-A0TA-01Z-00-DX1.svs
tcga_slidebench	313fe313-9081-4e75-9d57-0ac4e43cf7da	TCGA-HT-8109-01Z-00-DX1.svs
tcga_slidebench	d31c8be2-ee73-4d8e-8772-a71fd8398745	TCGA-DD-AACJ-01Z-00-DX1.svs
tcga_slidebench	186a13bd-b0af-488f-a658-ab57736a6a6b	TCGA-E7-A3Y1-01Z-00-DX1.svs
tcga_slidebench	b5987788-e6fb-46f8-a431-91c916ab6248	TCGA-LG-A6GG-01Z-00-DX1.svs
tcga_slidebench	4eec69ca-381b-4c17-b3e9-49492d71560e	TCGA-5L-AAT1-01Z-00-DX1.svs
tcga_slidebench	f797bd3e-32b3-42bc-b21a-4596bc0e1a28	TCGA-E7-A85H-01Z-00-DX1.svs
tcga_slidebench	4cb50cd4-a26b-4064-8632-be2abe9997e7	TCGA-66-2757-01Z-00-DX1.svs
tcga_slidebench	03e43ac4-0354-4f49-83e1-b88be20ecba6	TCGA-CH-5765-01Z-00-DX1.svs
tcga_slidebench	c0d523bb-15c6-4c93-8c03-d5a82136057a	TCGA-98-A53C-01Z-00-DX1.svs
tcga_slidebench	531d9a9e-8db6-4f21-966c-3fb2a3e476ea	TCGA-E2-A1B5-01Z-00-DX1.svs
tcga_slidebench	46aaae5a-36d4-4de0-9dc4-12313c0dfeeb	TCGA-39-5031-01Z-00-DX1.svs
tcga_slidebench	5694fbd5-eaae-43b0-aa2f-16093c5866b0	TCGA-XF-A9ST-01Z-00-DX1.svs
tcga_slidebench	d5ad433c-84e5-472a-8a60-3843cf485f7d	TCGA-MP-A4T9-01Z-00-DX1.svs
tcga_slidebench	c281b1ce-704d-4011-819d-1cc9fa647d8d	TCGA-19-1386-01Z-00-DX1.svs
tcga_slidebench	e4e91c91-ea3d-4db3-8bad-a17f11ae27a1	TCGA-FD-A3N5-01Z-00-DX1.svs
tcga_slidebench	fdd8a6e6-1e05-4221-85b4-a42a35909c18	TCGA-EY-A1GW-01Z-00-DX1.svs
tcga_slidebench	4e48e223-064c-4d63-91c2-6a747ca0f9ea	TCGA-E2-A570-01Z-00-DX1.svs
tcga_slidebench	85f58be7-f8c2-46fd-b23e-6b2d457b5d01	TCGA-A8-A096-01Z-00-DX1.svs
tcga_slidebench	29fddd97-9148-44c3-bed0-d5ae36b37f74	TCGA-2Y-A9H4-01Z-00-DX1.svs
tcga_slidebench	3e6b036b-1113-46f9-8251-4d9280b6a075	TCGA-DD-AACI-01Z-00-DX1.svs
tcga_slidebench	dab8b8a4-84ca-4d1c-873d-66007379f075	TCGA-A7-A26E-01Z-00-DX1.svs
tcga_slidebench	a26d6758-564e-4b15-9300-dce25e6ccf55	TCGA-DU-A7T8-01Z-00-DX1.svs
tcga_slidebench	35aa9318-2674-4292-86f5-7af92551467d	TCGA-A5-A0G9-01Z-00-DX1.svs
tcga_slidebench	e6a78709-9195-4657-a537-a51e7e7b7c97	TCGA-LL-A73Y-01Z-00-DX1.svs
tcga_slidebench	fae3ca6e-a673-47a4-97d8-7e9daeaf2115	TCGA-AR-A2LK-01Z-00-DX1.svs
tcga_slidebench	0c22fc48-efd4-4635-8ef9-639dc997f59c	TCGA-CN-A63U-01Z-00-DX1.svs
tcga_slidebench	99c47032-f91f-42db-860e-66bb22d92218	TCGA-EM-A2CP-01Z-00-DX1.svs
tcga_slidebench	896e7675-bd72-4257-bb4b-1ab157836d6b	TCGA-BG-A2L7-01Z-00-DX1.svs
tcga_slidebench	e9de6e0e-f832-4454-8cd8-894af514db65	TCGA-A8-A090-01Z-00-DX1.svs
tcga_slidebench	5ce4f41c-7a59-4a92-a84b-b6e478812211	TCGA-LK-A4O6-01Z-00-DX1.svs
tcga_slidebench	69037019-9df5-493e-8067-d4078d78e518	TCGA-MA-AA3X-01Z-00-DX1.svs
tcga_slidebench	7ff4c86a-7939-4af9-8769-4d48fb7452e2	TCGA-OL-A5DA-01Z-00-DX1.svs
tcga_slidebench	9d5c7eea-d735-4ddc-9e68-6c6452cdace2	TCGA-85-8355-01Z-00-DX1.svs
tcga_slidebench	c61fc584-d1f3-4128-acda-fb49296d26dd	TCGA-A4-A7UZ-01Z-00-DX1.svs
tcga_slidebench	716ea9db-47aa-46f4-ae88-d8e571340413	TCGA-XJ-A83G-01Z-00-DX1.svs
tcga_slidebench	43644567-1447-49e6-a286-bcf93170d140	TCGA-AK-3433-01Z-00-DX1.svs
tcga_slidebench	9c8c0e57-fd08-4a46-a9e2-fbe570496fe6	TCGA-38-4628-01Z-00-DX1.svs
tcga_slidebench	f3b6161e-675b-4231-96e5-588781ec33e1	TCGA-CZ-5463-01Z-00-DX1.svs
tcga_slidebench	ab551a99-b3c7-4df9-a8e1-e36069d2b0dd	TCGA-AO-A0J2-01Z-00-DX1.svs
tcga_slidebench	c0d61400-6a08-4471-98c3-8fe569563b9e	TCGA-N8-A4PP-01Z-00-DX1.svs
tcga_slidebench	55e6215f-b659-4e0c-a2ee-acce130842d1	TCGA-FD-A5BY-01Z-00-DX1.svs
tcga_slidebench	cb0040a0-1eea-44ae-a914-02142d1e7b9c	TCGA-95-7947-01Z-00-DX1.svs
tcga_slidebench	77518948-63db-4221-89bd-9fb2cf1c67af	TCGA-44-6144-01Z-00-DX1.svs
tcga_slidebench	edd25b54-cef8-4285-8523-5fff7524f57a	TCGA-XF-AAN3-01Z-00-DX1.svs
tcga_slidebench	28410694-cefe-46c5-813f-7b2b3bda7be8	TCGA-CJ-4876-01Z-00-DX1.svs
tcga_slidebench	bb1c7958-dea1-4d4c-80cb-9ba5e911ea55	TCGA-EM-A4FU-01Z-00-DX1.svs
tcga_slidebench	9ea838a7-d9c6-4ff7-9a9b-946845da7458	TCGA-B0-4703-01Z-00-DX1.svs
tcga_slidebench	2d3b690e-06a8-43ad-9235-dc5eef98dd19	TCGA-A6-2682-01Z-00-DX1.svs
tcga_slidebench	518b67b3-20e3-4efb-8104-c2cda66f3640	TCGA-DX-A1KW-01Z-00-DX1.svs
tcga_slidebench	0fe01971-7fe1-4b48-94e8-22e8fc91beee	TCGA-EB-A5SF-01Z-00-DX1.svs
tcga_slidebench	6e70e277-ce4c-43bd-b2e0-142a9d845694	TCGA-CG-4462-01Z-00-DX1.svs
tcga_slidebench	3c964c2b-607a-437e-8fe2-3998850f9689	TCGA-AA-3939-01Z-00-DX1.svs
tcga_slidebench	285f8594-bbb2-46eb-bfc1-1e011da42051	TCGA-ZF-A9R9-01Z-00-DX1.svs
tcga_slidebench	423614fa-4c66-4603-8258-d02084dc4205	TCGA-DD-AAW1-01Z-00-DX1.svs
tcga_expert_vqa	844da204-79f6-4225-8b94-afeee971fd1a	TCGA-HT-A616-01Z-00-DX1.svs
tcga_expert_vqa	70b2adae-cba0-47d6-8b98-5bdcef82421d	TCGA-08-0520-01Z-00-DX1.svs
tcga_expert_vqa	ef2a6662-e010-430f-a842-f2a61ac6676d	TCGA-B9-A5W7-01Z-00-DX1.svs
tcga_expert_vqa	23c0197d-267f-4b37-8d7e-5bfe2c162a5c	TCGA-DK-A1AD-01Z-00-DX1.svs
tcga_expert_vqa	bcc3b964-14ab-4928-ad32-0830bc29cb23	TCGA-D3-A5GS-06Z-00-DX1.svs
tcga_expert_vqa	bc747420-7064-416a-a0f9-bc866553971a	TCGA-AZ-5403-01Z-00-DX1.svs
tcga_expert_vqa	f17d95de-8cf1-4a09-9c51-9413b741203a	TCGA-KK-A8IA-01Z-00-DX1.svs
tcga_expert_vqa	bffe8eaa-c251-4ff3-b7c3-cf98d692b4b9	TCGA-AR-A1AK-01Z-00-DX1.svs
tcga_expert_vqa	fa83738a-c9f2-433e-9050-54d0e90e3092	TCGA-AR-A0TR-01Z-00-DX1.svs
tcga_expert_vqa	b0f4d208-e2d7-4b49-b6e3-08211470b9da	TCGA-02-0037-01Z-00-DX1.svs
tcga_expert_vqa	c0d09f42-0c28-46b9-a5a7-e9f470e0880d	TCGA-BG-A0M4-01Z-00-DX1.svs
tcga_expert_vqa	fa72ee9d-a091-498b-8511-9f4779ace490	TCGA-YL-A8S9-01Z-00-DX1.svs
tcga_expert_vqa	8083350f-0a4b-47f2-94da-fe8200d03f2d	TCGA-38-4626-01Z-00-DX1.svs
tcga_expert_vqa	7e7e9be4-7785-4fcf-a0c3-84d51e926d6f	TCGA-D3-A8GC-06Z-00-DX1.svs
tcga_expert_vqa	67db7824-8fa9-4121-9270-06ce1ab260a8	TCGA-AP-A0L8-01Z-00-DX1.svs
tcga_expert_vqa	55085d39-31a8-4eea-b649-08e00fdf6541	TCGA-BJ-A3F0-01Z-00-DX1.svs
tcga_expert_vqa	22e0ff30-4205-4698-b041-b150cb43a168	TCGA-IB-7651-01Z-00-DX1.svs
tcga_expert_vqa	30c07c29-637e-4834-a702-249505ac4bb8	TCGA-80-5607-01Z-00-DX1.svs
tcga_expert_vqa	640310ff-37b3-46f6-acea-309f6f448b62	TCGA-G3-AAV2-01Z-00-DX1.svs
tcga_expert_vqa	d1b9a833-d86f-43f1-8d4b-81ce0caeaf81	TCGA-3A-A9IJ-01Z-00-DX1.svs
tcga_expert_vqa	0854e966-7446-438e-98a9-ab0a32a163e7	TCGA-EM-A3SY-01Z-00-DX1.svs
tcga_expert_vqa	d0f617be-0f67-4f0f-8503-c67f56383523	TCGA-02-0115-01Z-00-DX1.svs
tcga_expert_vqa	17701f98-fec2-45e0-803e-f925bdce72a4	TCGA-E1-A7YS-01Z-00-DX1.svs
tcga_expert_vqa	482fa2be-a219-48f5-a8a6-ef10c3db7d6f	TCGA-RR-A6KA-01Z-00-DX1.svs
tcga_expert_vqa	c650a263-4115-45bc-b16f-6b88b1c0bd5b	TCGA-EA-A3HT-01Z-00-DX1.svs
tcga_expert_vqa	5cc73ca6-b47f-4bd2-820d-3fc02f8c2e5b	TCGA-VR-AA4D-01Z-00-DX1.svs
tcga_expert_vqa	cc717aa8-fe61-4fa5-abcd-2858031578ca	TCGA-JY-A93C-01Z-00-DX1.svs
tcga_expert_vqa	beea9c00-f3fb-4b72-96e7-99fa013a6a11	TCGA-39-5024-01Z-00-DX1.svs
tcga_expert_vqa	5389e7cf-ca61-4264-b912-9b802c5b1165	TCGA-55-7574-01Z-00-DX1.svs
tcga_expert_vqa	4ad5785b-7200-4eb7-b15d-8ad5d4970af8	TCGA-DD-AAVP-01Z-00-DX1.svs
tcga_expert_vqa	e45d6d7b-9367-434f-98d8-51d9110acfe1	TCGA-2L-AAQJ-01Z-00-DX1.svs
tcga_expert_vqa	a6480475-c476-495c-a7f5-cd7e338310a2	TCGA-DX-A6BB-01Z-00-DX1.svs
tcga_expert_vqa	5c798c4d-64c5-4f2b-ae78-cb4dbd8be897	TCGA-4W-AA9S-01Z-00-DX1.svs
tcga_expert_vqa	0a13141d-3b96-46af-bb7d-eecc6811161b	TCGA-BR-8364-01Z-00-DX1.svs
tcga_expert_vqa	b3f22fc1-f70c-4474-9bed-34fbf83c13bc	TCGA-EB-A44O-06Z-00-DX1.svs
tcga_expert_vqa	7adf0009-90c2-41cf-be6b-b20eb4f4a549	TCGA-HC-7819-01Z-00-DX1.svs
tcga_expert_vqa	a4f2622a-f35b-4b74-8741-f43c56a8dacc	TCGA-HT-7478-01Z-00-DX1.svs
tcga_expert_vqa	ff41d9fd-3f45-4e93-a042-377d9b74508d	TCGA-FC-7961-01Z-00-DX1.svs
tcga_expert_vqa	a4a6338c-98f9-4b10-8f71-e62d6c2f0808	TCGA-BQ-5889-01Z-00-DX1.svs
tcga_expert_vqa	f2bde78e-8aea-4a21-b369-91b548bafb06	TCGA-XF-AAMY-01Z-00-DX1.svs
tcga_expert_vqa	404ddf37-8e61-4ff8-a429-d0c7885733a3	TCGA-3X-AAV9-01Z-00-DX1.svs
tcga_expert_vqa	b6cdc73e-79e5-4d00-9a28-e871774f58f9	TCGA-G7-A8LD-01Z-00-DX1.svs
tcga_expert_vqa	1b130f0f-385e-48c7-8704-3c1f727f5154	TCGA-DB-A64R-01Z-00-DX1.svs
tcga_expert_vqa	b0ad06bf-f7fc-4b29-9620-c84ee1ece625	TCGA-A2-A0T7-01Z-00-DX1.svs
tcga_expert_vqa	960e696e-60a5-42d7-9a7f-da38c29556e1	TCGA-EL-A3ZL-01Z-00-DX1.svs
tcga_expert_vqa	cea3184b-c890-49d5-b1f8-8fca4ca145dc	TCGA-D5-6534-01Z-00-DX1.svs
tcga_expert_vqa	f250b5aa-b878-4854-810e-a6440d6f0bfd	TCGA-CJ-6030-01Z-00-DX1.svs
tcga_expert_vqa	554855d7-4e21-406b-8f9f-458b1e7c89c9	TCGA-A7-A0CD-01Z-00-DX1.svs
tcga_expert_vqa	9dce4938-27d5-4926-9c66-7176369d27e8	TCGA-55-6985-01Z-00-DX1.svs
tcga_expert_vqa	142dd839-fcd1-4467-92cb-f6116602eea2	TCGA-HT-A74O-01Z-00-DX1.svs
tcga_expert_vqa	bb503179-5645-4487-896f-20af632204f4	TCGA-B5-A0K2-01Z-00-DX1.svs
tcga_expert_vqa	85e40d78-d7ef-4b5c-9a48-139be8233e76	TCGA-PG-A7D5-01Z-00-DX1.svs
tcga_expert_vqa	980ea997-6a99-49b0-a3a2-42243f13725f	TCGA-BH-A18N-01Z-00-DX1.svs
tcga_expert_vqa	1eeca56c-ef06-4afa-b76e-572a0adb454a	TCGA-66-2795-01Z-00-DX1.svs
tcga_expert_vqa	6bcf7cb3-8dbe-4221-88e9-2ffb49e6d029	TCGA-MP-A4SY-01Z-00-DX1.svs
tcga_expert_vqa	b6c1920d-bc94-4286-9f4d-e90459359130	TCGA-BH-A0DK-01Z-00-DX1.svs
tcga_expert_vqa	84916d5b-6c68-495b-a55a-f8ebc792ae42	TCGA-B8-4622-01Z-00-DX1.svs
tcga_expert_vqa	fb76df35-b2e5-40ca-bdbc-8bd1c2a19280	TCGA-BP-5001-01Z-00-DX1.svs
tcga_expert_vqa	da92a480-763b-4dbc-b4be-20bf994a6298	TCGA-XP-A8T7-01Z-00-DX1.svs
tcga_expert_vqa	530ffaf5-0e2a-44f7-9c84-75199c9799fd	TCGA-50-8459-01Z-00-DX1.svs
tcga_expert_vqa	0709c450-dc1a-42e1-95ae-611e95d61092	TCGA-G2-A2EK-01Z-00-DX3.svs
tcga_expert_vqa	277d3676-c4a9-48ab-a457-f3c92f850fe5	TCGA-EL-A3H8-01Z-00-DX1.svs
tcga_expert_vqa	86cf1c96-bc15-4e1b-ab59-df47e5dad711	TCGA-GN-A4U7-06Z-00-DX1.svs
tcga_expert_vqa	e96666cd-ced0-4d28-a176-df725c76dba4	TCGA-06-5414-01Z-00-DX1.svs
tcga_expert_vqa	dba5edca-8398-4762-80a7-8fe5ea818c48	TCGA-BJ-A2N8-01Z-00-DX1.svs
tcga_expert_vqa	e2a8d74f-92a7-4684-b9e4-7dcd2baac65f	TCGA-E8-A44M-01Z-00-DX1.svs
tcga_expert_vqa	1cb14e13-72fa-4bf4-8d0b-7318a91d5599	TCGA-C8-A273-01Z-00-DX1.svs
tcga_expert_vqa	72d6a242-aade-4b45-8722-8bc90d03b120	TCGA-GV-A3QF-01Z-00-DX1.svs
tcga_expert_vqa	3b1b8d35-7007-4808-a9fc-17b4a5d37a37	TCGA-E8-A414-01Z-00-DX1.svs
tcga_expert_vqa	47fda244-af1b-4047-a3b8-29e8feb5b4f7	TCGA-B8-A54J-01Z-00-DX1.svs
tcga_expert_vqa	111f155e-2330-4f38-afe1-d42838c23ad7	TCGA-B6-A2IU-01Z-00-DX1.svs
tcga_expert_vqa	aa8f15ca-4f2a-44ed-baf0-2288fab2b63b	TCGA-CK-5913-01Z-00-DX1.svs
tcga_expert_vqa	2680fe2f-eef9-404e-a6a3-cdec178460a8	TCGA-5M-AAT4-01Z-00-DX1.svs
tcga_expert_vqa	3845b8bd-cbe0-49cf-a418-a8120f6c23db	TCGA-A1-A0SH-01Z-00-DX1.svs
tcga_expert_vqa	5d11ebc3-21ef-443e-82fd-a3c1e29ca344	TCGA-D1-A1O8-01Z-00-DX1.svs
tcga_expert_vqa	6fe97bc4-b79f-44dc-bf2b-d33cd187977b	TCGA-BH-A0HY-01Z-00-DX1.svs
